order,class,occurrence_count,individual_count
0-14-0-20-30-16,Iainarchaeia,2,
1-14-0-20-64-10,Koll11,3,
1-14-2-50-48-13,Gracilibacteria,7,
16-39-46,Alphaproteobacteria,83,
2-01-FULL-39-33,ABY1,14,
2-01-FULL-45-10,Koll11,161,
2-01-FULL-59-12,Elusimicrobia,27,
2-01-FULL-66-17,Nitrospiria,1,
2-02-FULL-35-15,Vampirovibrionia,1,
2-02-FULL-39-32,Elusimicrobia,5,
2-02-FULL-40-12,Paceibacteria,76,
2-02-FULL-51-18,Koll11,78,
2-12-FULL-49-11,Chlamydiia,23,
2-12-FULL-50-11,UBA1384,9,
2-12-FULL-54-10,Acidobacteriae,8,
20CM-2-55-15,Acidobacteriae,73,
4484-171,Koll11,5,
4572-78,Anaerolineae,13,
54-19,Chloroflexia,2,
AKS1,Gammaproteobacteria,2844,
AKYH767,Bacteroidia,1535,10990
AKYH767-A,Bacteroidia,116,
ATCC43930,Alphaproteobacteria,5916,7539
Abditibacteriales,Abditibacteria,42,458
Abrothallales,Dothideomycetes,5002,333
Absconditabacterales,JAEDAM01,133,
Acanthobdellida,Clitellata,140,120
Acanthopleuribacterales,Holophagae,24394,
Acanthopodida,Variosea,911,
Acarosporales,Lecanoromycetes,99651,21616
Acavomonida,Acavomonea,116,
Accipitriformes,Aves,98350485,631107005
Acetivibrionales,Clostridia,13159,1492
Acetobacterales,Alphaproteobacteria,111451,192157
Achnanthales,Bacillariophyceae,205360,3756962
Acholeplasmatales,Bacilli,26638,705073
Acidaminococcales,Negativicutes,11776,54
Acidiferrobacterales,Gammaproteobacteria,35727,2667
Acidimicrobiales,Acidimicrobiia,125526,135134
Acidithiobacillales,Gammaproteobacteria,21673,100
Acidobacteriales,Acidobacteriae,132388,390226
Acidoferrales,Acidobacteriae,30,
Acidothermales,Actinomycetia,61980,244957
Aciduliprofundales,Thermoplasmata,135,
Aconchulinida,Filosia,27837,19493
Acorales,Liliopsida,63760,64874
Acrochaetiales,Florideophyceae,22826,4573
Acrosiphoniales,Chlorophyceae,72,
Acrospermales,Dothideomycetes,3551,2066
Acrosymphytales,Florideophyceae,2964,155
Actiniaria,Anthozoa,403953,5424043
Actiniscales,Dinophyceae,630,3350970
Actinodontida,Bivalvia,811,220
Actinomarinales,Acidimicrobiia,1166,6
Actinomycetales,Actinomycetia,483325,379317
Actinophryida,Raphidophyceae,104,21
Actinulida,Hydrozoa,125,13
Acytosteliales,Dictyosteliomycetes,660,
Adapedonta,Bivalvia,153321,35651898
Adiutricales,Desulfarculia,1,
Aenigmatarchaeales,Aenigmatarchaeia,2,
Aerophobales,Aerophobia,1,
Afghanodesmatida,Bivalvia,243,285
Afrosoricida,Mammalia,12493,2923
Agamococcidiorida,Conoidasida,1728,6
Agaricales,Agaricomycetes,8998849,441854136
Agaricostilbales,Agaricostilbomycetes,14117,30
Agelasida,Demospongiae,18892,5329
Aggregatilineales,Anaerolineae,557,16831
Agnostida,Trilobita,22692,11461
Agoniatitida,Cephalopoda,2869,1723
Ahnfeltiales,Florideophyceae,12703,1131
Akentrogonida,Maxillopoda,360,368
Albuginales,Peronosporea,22591,2812
Algavirales,Megaviricetes,1534,
Alicyclobacillales,Bacilli,10405,2380
Alismatales,Liliopsida,5674074,1178273962
Alluroidida,Clitellata,161,78
Amarillovirales,Flasuviricetes,36548,
Amblypygi,Arachnida,8323,4209
Amborellales,Magnoliopsida,752,119
Aminicenantales,Aminicenantia,561,
Ammonifexales,Desulfotomaculia,46,
Amoebida,Lobosa,52135,1395
Amphidiscosida,Hexactinellida,12667,28625
Amphilepidida,Ophiuroidea,253300,2542438
Amphilinidea,Cestoda,102,54
Amphilothales,Dinophyceae,438,68
Amphinomida,Polychaeta,74889,1035812
Amphionidacea,Malacostraca,3,1
Amphipoda,Malacostraca,1550796,21053917
Amphisphaeriales,Sordariomycetes,51902,1284
Amplistromatales,Sordariomycetes,346,5
Amylocorticiales,Agaricomycetes,60682,297826
Anaerolineales,Anaerolineae,101010,5390
Anaeromusales,Negativicutes,35,
Anaspidacea,Malacostraca,2135,2565
Anaulales,Bacillariophyceae,2305,126
Andreaeales,Andreaeopsida,64455,4078
Andreaeobryales,Andreaeobryopsida,191,9
Aneurinibacillales,Bacilli,238,2154
Anisolpidiales,Peronosporea,121,
Anisonemida,Peranemea,262,64
Annulatascales,Sordariomycetes,3461,21
Anomoirhaga,Allomalorhagida,536,352
Anostraca,Branchiopoda,22270,271487
Anseriformes,Aves,180271901,7882954892
Anstonellales,Micrarchaeia,2,
Anthoathecata,Hydrozoa,201174,2706710
Anthocerotales,Anthocerotopsida,14522,1736
Antipatharia,Anthozoa,88917,163464
Anura,Amphibia,8820514,163234067
Aphragmophora,Sagittoidea,71714,259169
Apiales,Magnoliopsida,13267463,53126552
Aplousobranchia,Ascidiacea,122006,73231
Aplysiida,Gastropoda,38292,18857
Apochela,Eutardigrada,3731,1557
Apodida,Holothuroidea,54060,96486
Apodiformes,Aves,30165952,146422923
Apororhynchida,Archiacanthocephala,7,3
Apostomatida,Kinetofragminophora,12578,15
Apterygiformes,Aves,11604,15155
Apusomonadida,Thecomonadea,16694,
Apygophora,Maxillopoda,311,286
Aquificales,Aquificae,4513,
Aquifoliales,Magnoliopsida,903174,253116
Arachnoidiscales,Bacillariophyceae,2124,222
Arachnomycetales,Eurotiomycetes,449,2
Araeolaimida,Chromadorea,11560,6533
Araneae,Arachnida,6793265,5342017
Arbacioida,Echinoidea,22280,23135
Arcellinida,Lobosa,21858,54948
Archaeoglobales,Archaeoglobi,1430,
Archaeognatha,Insecta,14745,13153
Archaeorhizomycetales,Archaeorhizomycetes,14613,4107
Archaeosporales,Glomeromycetes,10603,125
Archidiales,Bryopsida,10940,106135
Archigregarinorida,Conoidasida,3093,
Archinemertea,Palaeonemertea,1670,902
Architaenioglossa,Gastropoda,231116,498746
Arcida,Bivalvia,279125,578885
Arctomiales,Lecanoromycetes,3013,603
Ardenticatenales,Anaerolineae,33019,474
Ardissoneales,Bacillariophyceae,158,16
Arecales,Liliopsida,1204725,932146
Arenicellales,Gammaproteobacteria,65271,
Arguloida,Maxillopoda,4348,8786
Arhynchobdellida,Clitellata,137618,234940
Arkhangelskiales,Prymnesiophyceae,3767,4
Armatimonadales,Armatimonadia,19472,16060
Armophorida,Heterotrichea,943,
Arthoniales,Arthoniomycetes,545858,1424675
Arthracanthida,Acantharia,31461,73
Arthrochirotida,Holothuroidea,33,
Arthrotardigrada,Heterotardigrada,4374,657
Articulavirales,Insthoviricetes,348736,
Artiodactyla,Mammalia,6209382,13125924
Asaphida,Trilobita,59199,24321
Ascoseirales,Phaeophyceae,134,21
Ascosphaerales,Eurotiomycetes,700,100
Asfuvirales,Pokkesviricetes,6336,
Asparagales,Liliopsida,18686062,1219732280
Aspidodiadematoida,Echinoidea,704,32743
Aspidogastrida,Trematoda,487,434
Aspidosiphoniformes,Phascolosomatidea,8439,18709
Asterales,Magnoliopsida,52544936,161706686
Asterinales,Dothideomycetes,22120,196
Asterocladales,Phaeophyceae,83,1
Asterolamprales,Bacillariophyceae,19090,9226685
Asterotexales,Dothideomycetes,133,1
Astomatida,Oligohymenophorea,2362,21
Atheliales,Agaricomycetes,167295,274464
Atractiellales,Atractiellomycetes,13461,79319
Atractophorales,Florideophyceae,16,10
Atractosporales,Sordariomycetes,3740,1
Atribacterales,Atribacteria,19,
Aulacomniales,Bryopsida,156012,43616
Aulacopleurida,Trilobita,904,510
Aulacoseirales,Bacillariophyceae,53158,29932286
Aurearenales,Aurearenophyceae,102,
Aureoconidiellales,Dothideomycetes,2,
Auriculariales,Agaricomycetes,294359,248814
Austrobaileyales,Magnoliopsida,50395,2998
Axinellida,Demospongiae,65224,13808
Azospirillales,Alphaproteobacteria,17053,22501
B4-G1,Anaerolineae,4,
B48-G9,UBA8468,2,
BD1-5,JAEDAM01,378,
BM507,ABY1,138,
Babeliales,Babeliae,3333,12258
Bacillales,Bacilli,175175,1514232
Bacillales_A,Bacilli,32112,161127
Bacillales_B,Bacilli,3655,1583
Bacillales_C,Bacilli,6,
Bacillales_D,Bacilli,4850,990
Bacillales_E,Bacilli,201,3
Bacillales_G,Bacilli,6217,3898
Bacillales_H,Bacilli,1716,140
Bacillariales,Bacillariophyceae,583150,2708542341
Bacteriovoracales,Bacteriovoracia,136192,2380
Bacteroidales,Bacteroidia,305858,4418
Baeomycetales,Lecanoromycetes,154256,23537
Baerida,Calcarea,1495,94
Balbianiales,Florideophyceae,124,13
Balliales,Florideophyceae,4859,6475
Balneolales,Rhodothermia,38007,
Baltobacterales,Eremiobacteria,33,
Bangiales,Bangiophyceae,67891,5435
Baphyvirales,Arfiviricetes,20,
Bartramiales,Bryopsida,243691,40461
Bathynellacea,Malacostraca,8127,5659
Bathyteuthida,Cephalopoda,1579,1957
Batistiales,Sordariomycetes,5,
Batrachospermales,Florideophyceae,25217,5316
Bdelloidea,Eurotatoria,11362,20704
Bdellovibrionales,Bdellovibrionia,114693,19717
Beggiatoales,Gammaproteobacteria,9706,2970
Belemnitida,Cephalopoda,21040,20036
Belfryvirales,Tectiliviricetes,1,
Berberidopsidales,Magnoliopsida,2337,120
Berkiellales,Gammaproteobacteria,206,
Beroida,Nuda,3740,8750
Bezerromycetales,Dothideomycetes,39,
Biddulphiales,Bacillariophyceae,33438,240495908
Biemnida,Demospongiae,3361,942
Bihospitida,Postgaardea,20,
Bin18,Binatia,21,
Bin61,Vicinamibacteria,8,
Binatales,Binatia,4,
Bipolaricaulales,Bipolaricaulia,3,
Bivalvulida,Myxozoa,4322,3793
Blasiales,Marchantiopsida,10392,2514
Blastocladiales,Blastocladiomycetes,6731,1
Blastodiniales,Dinophyceae,39334,945
Blattodea,Insecta,342855,911707
Blubervirales,Revtraviricetes,2426,
Bochusacea,Malacostraca,25,16
Bodonida,Kinetoplastea,11570,28
Boletales,Agaricomycetes,1262364,791384
Bolidomonadales,Bolidophyceae,8179,
Boliniales,Sordariomycetes,8254,2186
Bonnemaisoniales,Florideophyceae,38208,14965
Boraginales,Magnoliopsida,5548430,11012440
Borreliales,Spirochaetia,5648,1111
Bothriocephalidea,Cestoda,4278,2988
Bothriocidaroida,Echinoidea,680,2
Botrydiales,Xanthophyceae,861,1130
Botryosphaeriales,Dothideomycetes,112293,25340
Brachypoda,Cephalocarida,345,753
Brachyspirales,Brachyspirae,5086,
Bradymonadales,Bradymonadia,34714,92
Branchiobdellida,Clitellata,18410,54785
Brassicales,Magnoliopsida,11790833,36131933
Brevibacillales,Bacilli,1139,2637
Brevinematales,Brevinematia,5414,
Brisingida,Asteroidea,4617,3254
Brocadiales,Brocadiae,594,
Bruniales,Magnoliopsida,20577,3990
Bryales,Bryopsida,1501342,141718304
Bryobacterales,Acidobacteriae,82685,201759
Bryometopida,Colpodea,3400,3
Bryophryida,Colpodea,70,
Bryopsidales,Ulvophyceae,270062,173884
Bryoxiphiales,Bryopsida,3413,171
Bubarida,Demospongiae,20422,12784
Bucerotiformes,Aves,2569881,3589387
Buchananbacterales,ABY1,16,
Buckleyzymales,Cystobasidiomycetes,2994,2
Bunyavirales,Ellioviricetes,18987,1
Burkholderiales,Gammaproteobacteria,948452,513613
Bursariomorphida,Colpodea,533,8
Buxales,Magnoliopsida,190140,63926
Buxbaumiales,Bryopsida,32608,37004
C00003060,Desulfobacteria,2,
CAILAD01,Saccharimonadia,198,
CAILIB01,UBA1384,10,
CAILMK01,Bacteroidia,3,
CAIPTA01,Bdellovibrionia_A,17,
CAIRYL01,Gracilibacteria,11,
CAISUE01,Gammaproteobacteria,16,
CAIUPP01,Brocadiae,2,
CAIXNZ01,ABY1,3,
CAIYCZ01,WTBG01,33,
CG1-02-43-210,Koll11,1,
CG2-30-64-16,Anaerolineae,11,
COTS27,UBA12135,3,
Caedimonadales,Alphaproteobacteria,266,
Caenarcaniphilales,Vampirovibrionia,96,2
Calanoida,Copepoda,2184119,210525017
Calcarisporiellales,Mucoromycetes,438,1380
Caldalkalibacillales,Bacilli,1258,
Caldarchaeales,Nitrososphaeria_A,7,
Calderihabitantales,Moorellia,9,
Caldicellulosiruptorales,Thermoanaerobacteria,55,
Caldicoprobacterales,Clostridia,6973,
Caldilineales,Anaerolineae,50045,20505
Caldisericales,Caldisericia,5674,
Calditerricolales,Bacilli,425,
Calditrichales,Calditrichia,38941,
Caliciales,Lecanoromycetes,993957,790355
Callipodida,Diplopoda,2955,2300
Callochitonida,Polyplacophora,3680,2582
Calobryales,Haplomitriopsida,1529,62
Caloneurodea,Insecta,318,338
Calosphaeriales,Sordariomycetes,2383,107
Camarodonta,Echinoidea,231742,1626572
Campylobacterales,Campylobacteria,196271,176
Cancellidiales,Sordariomycetes,207,
Candelariales,Candelariomycetes,152151,113103
Canellales,Magnoliopsida,75860,14973
Cantharellales,Agaricomycetes,531440,765544
Capilloventrida,Clitellata,87,94
Capnodiales,Dothideomycetes,160265,3216
Caprimulgiformes,Aves,2702783,8749721
Capsalidea,Monogenea,3718,2078
Carboxydothermales,Z-2901,27,
Carcharhiniformes,Elasmobranchii,1124787,675755
Cardiida,Bivalvia,882311,6958476
Cardiobacteriales,Gammaproteobacteria,20602,
Cardiopteridales,Magnoliopsida,33240,14352
Carditida,Bivalvia,153636,378638
Cariamiformes,Aves,53473,91031
Carnivora,Mammalia,7452962,13501024
Carpediemonadida,Carpediemonadea,632,
Carterinida,Globothalamea,93,10
Carybdeida,Cubozoa,3665,1094
Caryophyllales,Magnoliopsida,28397475,1325961346
Caryophyllidea,Cestoda,1694,762
Casuariiformes,Aves,137195,311149
Cathetocephalidea,Cestoda,33,19
Catoscopiales,Bryopsida,6857,429
Caudata,Amphibia,2514555,2441673
Caudovirales,Caudoviricetes,12293,
Caulerpales,Chlorophyceae,3,
Caulobacterales,Alphaproteobacteria,301781,41098
Celastrales,Magnoliopsida,1385457,3885425
Centrales,Bacillariophyceae,13655,4056
Cephalaspidea,Gastropoda,232642,485353
Cephalobaenida,Maxillopoda,193,164
Cephalothecales,Sordariomycetes,5640,51
Ceraceosorales,Exobasidiomycetes,72,
Ceramiales,Florideophyceae,965548,400553
Ceratiomyxales,Protosteliomycetes,35015,38001
Ceratitida,Cephalopoda,37568,13234
Ceratodontiformes,Dipneusti,12749,14642
Ceratophyllales,Magnoliopsida,161312,100512488
Cestida,Tentaculata,513,681
Cetacea,Mammalia,2244889,7739701
Chaetocerales,Bacillariophyceae,5,
Chaetocerotales,Bacillariophyceae,419362,6308145548
Chaetodermatida,Caudofoveata,20542,37966
Chaetomellales,Leotiomycetes,12653,4283
Chaetopeltidales,Chlorophyceae,2689,25659
Chaetophorales,Chlorophyceae,15540,20585
Chaetosphaeriales,Sordariomycetes,37882,721
Chaetosphaeridiales,Mesostigmatophyceae,175,3325
Chaetothyriales,Eurotiomycetes,319540,187440
Charadriiformes,Aves,174152887,5491407550
Charales,Charophyceae,326930,2587533
Chattonellales,Raphidophyceae,21337,61732
Cheilostomatida,Gymnolaemata,447990,4256167236
Chelodida,Polyplacophora,513,555
Chilodonellida,Cyrtophoria,3,
Chimaericolidea,Monogenea,122,33
Chimaeriformes,Holocephali,166769,80138
Chirodropida,Cubozoa,646,351
Chiroptera,Mammalia,8651570,50170448
Chitinivibrionales,Chitinivibrionia,9722,
Chitinophagales,Bacteroidia,427809,133815
Chitonida,Polyplacophora,195739,185170
Chitovirales,Pokkesviricetes,7159,1
Chlamydiales,Chlamydiia,149322,3676
Chlamydodontida,Cyrtophoria,3447,36
Chlamydomonadales,Chlorophyceae,49604,6003226
Chlamydomyxales,Picophagea,16,4
Chloracidobacteriales,Blastocatellia,708,
Chloramoebales,Chrysophyceae,6,3
Chloranthales,Magnoliopsida,56454,30639
Chlorarachniales,Chlorarachniophyceae,4948,
Chlorellales,Trebouxiophyceae,77191,3790908
Chlorobiales,Chlorobia,4795,
Chlorocystidales,Chlorophyceae,344,2
Chlorodendrales,Prasinophyceae,13709,5350625
Chloroflexales,Chloroflexia,55376,23261
Chlorokybales,Chlorokybophyceae,190,
Chloropicales,Chloropicophyceae,2051,
Choanoflagellida,Choanoflagellatea,92584,407580
Chondrillida,Demospongiae,6460,1252
Chondrosiida,Demospongiae,6309,428
Chordariales,Phaeophyceae,752,267
Chordeumatida,Diplopoda,31584,37867
Choreotrichida,Oligotrichea,83632,2387844
Christensenellales,Clostridia,17434,209
Chromadorida,Chromadorea,24172,11020
Chromatiales,Gammaproteobacteria,151222,270
Chromerida,Apicomonadea,1349,
Chromulinales,Chrysophyceae,73687,19054838
Chrysanthemodiscales,Bacillariophyceae,25,7
Chrysiogenales,Chrysiogenetes,531,
Chrysocapsales,Chrysophyceae,1,1
Chrysomeridales,Chrysomerophyceae,3254,7
Chrysosphaerales,Chrysophyceae,7,
Chthoniobacterales,Verrucomicrobiae,112723,528056
Chthonomonadales,Chthonomonadetes,24021,9197
Chytridiales,Chytridiomycetes,35912,409
Chytridiopsida,Microsporea,122,7
Ciconiiformes,Aves,3875749,48973545
Cidaroida,Echinoidea,38649,61572
Cingulata,Mammalia,75655,37881
Cirlivirales,Arfiviricetes,12564,
Cladochytriales,Chytridiomycetes,2392,8
Cladophorales,Ulvophyceae,240955,35902
Cladoriellales,Dothideomycetes,114,
Classiculales,Classiculomycetes,405,
Clathrinida,Calcarea,14539,2365
Climacospheniales,Bacillariophyceae,1241,151
Clionaida,Demospongiae,47613,13220
Cloacimonadales,Cloacimonadia,16,
Clostridiales,Clostridia,141241,77040
Clymeniida,Cephalopoda,1006,260
Clypeasteroida,Echinoidea,15979,23172
Cnemidolestodea,Insecta,1548,505
Coccidiniales,Dinophyceae,32478,1
Coccolithales,Prymnesiophyceae,101968,719662465
Coccosphaerales,Prymnesiophyceae,10970,448
Cocculinida,Gastropoda,3557,4695
Coelacanthiformes,Coelacanthi,3845,847
Colaconematales,Florideophyceae,3987,251
Coleochaetales,Charophyceae,721,11070
Coleoptera,Insecta,32292224,45476972
Coliiformes,Aves,638058,750730
Collemopsidiales,Dothideomycetes,6156,4122
Collothecacea,Eurotatoria,2015,16784
Colpodellida,Apicomonadea,5919,
Colpodida,Colpodea,13697,105
Colpomyida,Bivalvia,101,208
Colponemida,Colponemea,435,
Columbiformes,Aves,79051886,599153739
Comatulida,Crinoidea,73844,95310
Commelinales,Liliopsida,643509,324396
Comminutisporales,Dothideomycetes,3,
Competibacterales,Gammaproteobacteria,9744,
Compsopogonales,Compsopogonophyceae,3127,140
Conexivisphaerales,Nitrososphaeria,1,
Coniochaetales,Sordariomycetes,30808,12652
Coniocybales,Coniocybomycetes,146065,100543
Conioscyphales,Sordariomycetes,569,
Coniosporiales,Dothideomycetes,1251,4
Conocardiida,Rostroconchia,2467,1920
Conulatae,Staurozoa,4,3
Coprothermobacterales,Coprothermobacteria,87,
Coraciiformes,Aves,18224168,32890076
Corallimorpharia,Anthozoa,18107,28851
Corallinales,Florideophyceae,330355,288829
Cordanales,Sordariomycetes,2528,4
Corethrales,Bacillariophyceae,22822,934689793
Coriobacteriales,Coriobacteriia,27945,4
Cornales,Magnoliopsida,1600255,632744
Coronatae,Scyphozoa,5940,9891
Coronophorales,Sordariomycetes,12616,5717
Corticiales,Agaricomycetes,90146,12443
Coryneliales,Eurotiomycetes,1944,91
Corynexochida,Trilobita,28008,15905
Corynodactylales,Florideophyceae,2,
Coscinodiscales,Bacillariophyceae,153161,227369894
Coxiellales,Gammaproteobacteria,142836,2995
Craniida,Craniata,8987,9143
Crassiclitellata,Clitellata,206049,395121
Craterostigmomorpha,Chilopoda,632,550
Cremevirales,Arfiviricetes,274,
Cribrariales,Myxomycetes,133656,84394
Cristamonadida,Trichomonadea,2136,
Crossosomatales,Magnoliopsida,105647,23677
Cryosericales,Caldisericia,1,
Cryppavirales,Howeltoviricetes,1084,
Cryptocaliciales,Lecanoromycetes,4,
Cryptomonadales,Cryptophyceae,108846,5519768
Cryptomycocolacales,Cryptomycocolacomycetes,2,
Cryptonemiales,Florideophyceae,176,47
Cryptostomida,Stenolaemata,24482,17295
Ctenostomatida,Gymnolaemata,45112,39019
Cuculiformes,Aves,10715183,16397115
Cucurbitales,Magnoliopsida,1065927,1261876
Culicoidibacterales,Bacilli,227,28167
Cumacea,Malacostraca,204319,1354284
Cutleriales,Phaeophyceae,7404,734
Cyanidiales,Cyanidiophyceae,2565,20
Cyanobacteriales,Cyanobacteriia,572468,1068944934
Cyatheales,Polypodiopsida,405179,103988
Cycadales,Cycadopsida,68530,23435
Cyclocrinales,Ulvophyceae,920,15
Cycloneritida,Gastropoda,233016,629340
Cyclophorales,Bacillariophyceae,854,37
Cyclophyllidea,Cestoda,61760,17129
Cyclopoida,Copepoda,464018,27754767
Cyclostomatida,Stenolaemata,72981,82612
Cyclotrichida,Gymnostomatea,59049,102650
Cydippida,Tentaculata,20806,64151
Cymatosirales,Bacillariophyceae,22417,101237
Cymbellales,Bacillariophyceae,216879,3033007
Cyphobasidiales,Cystobasidiomycetes,452,1
Cyrtodontida,Bivalvia,4221,3617
Cyrtolophosidida,Colpodea,6118,26
Cyrtonellida,Monoplacophora,733,2009
Cyrtoneritida,Gastropoda,768,566
Cyrtophorida,Cyrtophoria,6481,261
Cystobasidiales,Cystobasidiomycetes,10242,514
Cystofilobasidiales,Tremellomycetes,27048,142
Cystoporida,Stenolaemata,18568,13521
Cytophagales,Bacteroidia,443588,46149
Cyttariales,Leotiomycetes,2933,37
DRLW01,UBA2214,2,
DRVO01,Anaerolineae,1,
DSTF01,Dehalococcoidia,15,
DSUN01,PUPC01,1,
DTU010,Limnochordia,2,
DY22613,Halanaerobiia,18,
Dacrymycetales,Dacrymycetes,183969,356770
Dactylogyridea,Monogenea,13658,17130
Dactylopodida,Discosea,6093,1
Dasycladales,Ulvophyceae,20841,2252
Dasyuromorphia,Mammalia,253575,116086
Decapoda,Malacostraca,7216890,276487570
Deferribacterales,Deferribacteres,4732,
Deferrisomatales,Deferrisomatia,8916,
Dehalobacteriales,Dehalobacteriia,33,
Dehalococcoidales,Dehalococcoidia,16703,
Deinococcales,Deinococci,49528,222
Delonicicolales,Sordariomycetes,107,
Dendroceratida,Demospongiae,6771,1663
Dendrocerotales,Anthocerotopsida,4603,264
Dendrochirotida,Holothuroidea,81629,144292
Dendrogastrida,Maxillopoda,322,209
Dentaliida,Scaphopoda,76844,209133
Dermaptera,Insecta,150935,98406
Dermoptera,Mammalia,3653,970
Desmacellida,Demospongiae,1090,906
Desmarestiales,Phaeophyceae,31987,2667
Desmidiales,Conjugatophyceae,62668,4153847
Desmodorida,Chromadorea,15434,9792
Desmomastigales,Dinophyceae,1,
Desmoscolecida,Chromadorea,3317,2292
Desulfarculales,Desulfarculia,50729,
Desulfitibacterales,Moorellia,62,
Desulfitobacteriales,Desulfitobacteriia,605,8667
Desulfobaccales,Desulfobaccia,346,
Desulfobacterales,Desulfobacteria,154286,
Desulfobulbales,Desulfobulbia,96639,2
Desulfomonilales,Desulfomonilia,1938,
Desulfotomaculales,Desulfotomaculia,1209,9
Desulfovibrionales,Desulfovibrionia,64723,273
Desulfurellales,Desulfurellia,2159,
Desulfuribacillales,Bacilli,184,
Desulfurobacteriales,Desulfurobacteriia,806,
Desulfuromonadales,Desulfuromonadia,79417,5
Dethiobacterales,Dethiobacteria,31,
Developayellales,Bigyromonadea,1155,
Diadematoida,Echinoidea,32975,141937
Diaphanopterodea,Insecta,509,447
Diaporthales,Sordariomycetes,189154,71153
Diclybothriidea,Monogenea,464,247
Dicranales,Bryopsida,2153681,2641011591
Dictyoceratida,Demospongiae,61196,11644
Dictyochales,Dictyochophyceae,99394,814060211
Dictyoglomales,Dictyoglomia,969,
Dictyoneidales,Bacillariophyceae,25,1
Dictyosiphonales,Phaeophyceae,3485,191
Dictyosteliales,Dictyosteliomycetes,3513,
Dictyotales,Phaeophyceae,220554,89460
Didelphimorphia,Mammalia,146387,63955
Dileptida,Litostomatea,1828,10
Dilleniales,Magnoliopsida,267460,70197
Dinophysiales,Dinophyceae,157103,235124343
Dioscoreales,Liliopsida,579072,1347205
Diphylleida,Diphyllatea,60,
Diphyllidea,Cestoda,446,264
Diphyllobothriidea,Cestoda,10181,2848
Diphysciales,Bryopsida,18077,35523726
Diplobelida,Cephalopoda,13,
Diplonemida,Diplonemea,34195,76
Diplorickettsiales,Gammaproteobacteria,1726,3336
Diplostomida,Trematoda,48916,51136
Diplostraca,Branchiopoda,323373,171972568
Diplura,Diplura,4559,6669
Diprotodontia,Mammalia,2297174,1178030
Dipsacales,Magnoliopsida,7845379,9166013
Diptera,Insecta,26867526,3192173893
Disceliales,Bryopsida,2444,415
Discoasterales,Prymnesiophyceae,51722,85
Discosporangiales,Phaeophyceae,371,5
Dissociodihaplophasida,Microsporea,1003,137
Dissulfuribacterales,Dissulfuribacteria,544,
Distomatida,Trepomonadea,3067,314
Distoseptisporales,Sordariomycetes,553,31
Diversisporales,Glomeromycetes,27851,34219
Dixoniellales,Rhodellophyceae,136,
Doassansiales,Exobasidiomycetes,4013,113
Dolichomastigales,Mamiellophyceae,16394,8228
Doliolida,Thaliacea,8749,141521
Dongiales,Alphaproteobacteria,16061,8394
Dormibacterales,Dormibacteria,7,
Dothideales,Dothideomycetes,63962,2328
Dunaliellales,Chlorophyceae,58,1
Durnavirales,Duplopiviricetes,4805,
Dyfrolomycetales,Dothideomycetes,64,4
Dysteriida,Cyrtophoria,22745,149
E44-bin15,Dehalococcoidia,9,
Ebriida,Phytomastigophora,25284,85
Eccrinida,Ichthyosporea,10022,6
Echiniscoidea,Heterotardigrada,13088,4324
Echinolampadacea,Echinoidea,76322,1383469
Echinoneoida,Echinoidea,6154,4110
Echinorhagata,Cyclorhagida,5934,5613
Echinorhynchida,Palaeacanthocephala,6742,13468
Echinosteliales,Myxomycetes,9023,948
Echinothurioida,Echinoidea,7139,9481
Echiuroidea,Polychaeta,11839,5810
Ectocarpales,Phaeophyceae,250638,26935
Ectothiorhodospirales,Gammaproteobacteria,76460,
Eiffellithales,Prymnesiophyceae,12838,14
Elainellales,Cyanobacteriia,99,
Elasipodida,Holothuroidea,99413,54840
Ellobiida,Gastropoda,105302,280186
Ellobiopsida,Ellobiopsea,8453,36
Elsterales,Alphaproteobacteria,22800,242782
Elusimicrobiales,Elusimicrobia,4982,
Embioptera,Insecta,3401,1350
Enantiopoda,Remipedia,6,8
Encalyptales,Bryopsida,63218,17791
Enchytraeida,Clitellata,119416,226501
Encrinida,Crinoidea,501,652
Endogonales,Endogonomycetes,8638,50
Endomicrobiales,Endomicrobia,12610,55
Enterobacterales,Gammaproteobacteria,1000667,16341
Enterobacterales_A,Gammaproteobacteria,3595,
Entomobryomorpha,Collembola,799418,816899
Entomophthorales,Entomophthoromycetes,12305,2421
Entorrhizales,Entorrhizomycetes,3341,62
Entosiphonida,Entosiphonea,42,14
Entotheonellales,Entotheonellia,766,4996
Entrophosporales,Glomeromycetes,3236,121
Entwisleiales,Florideophyceae,60,
Entylomatales,Exobasidiomycetes,19642,6327
Eoblattida,Insecta,28,7
Ephedrales,Gnetopsida,82013,14757
Ephemeroptera,Insecta,1754607,22675084
Equisetales,Polypodiopsida,2254473,20185022
Eremiobacterales,Eremiobacteria,6,
Eremithallales,Dothideomycetes,4284,420
Ericales,Magnoliopsida,15841662,2218249145
Erinaceomorpha,Mammalia,743247,310701
Erysipelotrichales,Bacilli,40714,51381
Erythrobasidiales,Cystobasidiomycetes,2335,2
Erythropeltidales,Compsopogonophyceae,12796,1204
Escalloniales,Magnoliopsida,50015,26393
Esthonioporata,Stenolaemata,253,84
Ethmodiscales,Bacillariophyceae,2418,1
Euaxosida,Asteroidea,438,131
Eubacteriales,Clostridia,14153,3
Eubodonida,Kinetoplastea,8,
Eucoccidiorida,Conoidasida,37848,7915
Euglenales,Euglenoidea,2987,168
Euglenida,Euglenoidea,87596,1082627
Eugregarinorida,Conoidasida,34081,111
Euhirudinea,Clitellata,470,586
Eunicida,Polychaeta,346285,1101793
Eunotiales,Bacillariophyceae,32475,714138
Euphausiacea,Malacostraca,405251,255770452
Euplotida,Hypotrichea,31651,3449
Eurotiales,Eurotiomycetes,451969,102119
Euryalida,Ophiuroidea,26643,8589260
Eurypygiformes,Aves,38834,49517
Eustigmatales,Eustigmatophyceae,17180,12663
Eutreptiida,Euglenoidea,21058,32853
Euzebyales,Actinomycetia,19787,4
Evansiales,Gammaproteobacteria,26,
Exiguobacterales,Bacilli,1129,42
Exobasidiales,Exobasidiomycetes,31992,6566
Fabales,Magnoliopsida,31908538,71291359
Fagales,Magnoliopsida,13546057,10636193
Falcocladiales,Sordariomycetes,29,
Falconiformes,Aves,19676663,37013214
Fenestrida,Stenolaemata,29645,10106
Fermentibacterales,Fermentibacteria,9,
Ferrovibrionales,Alphaproteobacteria,737,36
Fibrobacterales,Fibrobacteria,46272,6441
Filobasidiales,Tremellomycetes,122103,51986
Fimbriimonadales,Fimbriimonadia,28485,3668
Flavobacteriales,Bacteroidia,909553,20670
Florenciellales,Dictyochophyceae,19470,282186
Flosculariaceae,Eurotatoria,23409,8972989
Fonticulida,Cristidiscoidea,20,
Forcipulatida,Asteroidea,235583,10036575
Fordillida,Bivalvia,199,118
Fossombroniales,Jungermanniopsida,29718,7516
Fragilariales,Bacillariophyceae,228550,348495490
Francisellales,Gammaproteobacteria,45055,29
Fucales,Phaeophyceae,567784,1648832
Funariales,Bryopsida,124794,35411021
Fuscosporellales,Sordariomycetes,193,5
Fusobacteriales,Fusobacteriia,63965,14
GIF10,Koll11,55,
GIF9,Dehalococcoidia,18,
GW2011-AR5,Aenigmatarchaeia,15,
GWA2-38-13b,Paceibacteria,6,156
GWA2-46-9,ABY1,3,
GWC2-36-17,Paceibacteria,1,
GWF2-35-9,Riflemargulisbacteria,7,
GWF2-39-127,Riflemargulisbacteria,2,
Ga0077536,Gammaproteobacteria,2736,1
Gadilida,Scaphopoda,36586,123395
Gaiellales,Thermoleophilia,91290,637703
Galeommatida,Bivalvia,99263,1808739
Galliformes,Aves,16375959,64877445
Ganeshida,Tentaculata,4,
Garryales,Magnoliopsida,43074,9335
Gastranaerophilales,Vampirovibrionia,113,469
Gastrochaenida,Bivalvia,6497,5032
Gaviiformes,Aves,5162538,41204965
Geastrales,Agaricomycetes,142479,193848
Gelidiales,Florideophyceae,74150,51386
Gelyelloida,Copepoda,9,
Geminibasidiales,Wallemiomycetes,40177,182
Geminicoccales,Alphaproteobacteria,39560,32604
Gemmatales,Planctomycetia,69893,49578
Gemmatimonadales,Gemmatimonadetes,104823,267386
Gentianales,Magnoliopsida,13860353,29948477
Geobacterales,Desulfuromonadia,35839,20670
Geoglossales,Geoglossomycetes,48395,77977
Geophilomorpha,Chilopoda,48790,37673
Georgefischeriales,Exobasidiomycetes,2507,47
Geplafuvirales,Repensiviricetes,19301,57
Geraniales,Magnoliopsida,3952782,5307447
Ghabrivirales,Chrymotiviricetes,1694,
Gigantorhynchida,Archiacanthocephala,569,359
Gigartinales,Florideophyceae,532251,151490
Gigaspermales,Bryopsida,2518,179
Ginkgoales,Ginkgoopsida,66269,2002
Glaucocystales,Glaucophyceae,2922,16
Glaucosphaerales,Rhodellophyceae,1029,
Gleicheniales,Polypodiopsida,128374,40920
Gloeobacterales,Cyanobacteriia,3202,23
Gloeomargaritales,Cyanobacteriia,95,
Gloeophyllales,Agaricomycetes,85501,28430
Glomerales,Glomeromycetes,90985,145364
Glomerellales,Sordariomycetes,112966,518
Glomerida,Diplopoda,37393,29083
Glomeridesmida,Diplopoda,456,1870
Glosselytrodea,Insecta,97,23
Glugeida,Microsporea,1216,325
Gnetales,Gnetopsida,15566,4133
Golfingiiformes,Sipunculidea,87556,428313
Gomphales,Agaricomycetes,157356,183609
Goniatitida,Cephalopoda,21268,10584
Goniomonadales,Goniomonadophyceae,2861,
Goniotrichales,Bangiophyceae,60,22
Gonyaulacales,Dinophyceae,645234,6923086389
Gordioidea,Gordioida,6809,1402
Goujianvirales,Yunchangviricetes,7,
Gp22-AA2,Mor1,40,
Gracilariales,Florideophyceae,66173,67561
Gracilipodida,Variosea,1551,
Granulosicoccales,Gammaproteobacteria,20856,
Graphidales,Lecanoromycetes,3469,12
Grimmiales,Bryopsida,678190,140768895
Gromochytriales,Mesochytriomycetes,2076,
Grossglockneriida,Colpodea,2210,
Gruiformes,Aves,28500048,845301963
Grylloblattodea,Insecta,4493,3231
Gunnerales,Magnoliopsida,31116,18743
Gyalectales,Lecanoromycetes,44414,14319
Gymnodiniales,Dinophyceae,443095,30668469
Gymnophiona,Amphibia,20892,11716
Gyracanthocephala,Eoacanthocephala,214,242
Gyrocotylidea,Cestoda,644,341
Gyrodactylidea,Monogenea,4937,2551
HIMB59,Alphaproteobacteria,829,
HK1,Gammaproteobacteria,60,
HP12,Gammaproteobacteria,7,
HRBIN30,Binatia,33,
Hadrosida,Asteroidea,811,380
Haemospororida,Aconoidasida,61107,627
Hakubanellales,Humimicrobiia,11,
Halanaerobiales,Halanaerobiia,7665,28
Haliangiales,Polyangia,19694,88857
Halobacteriales,Halobacteria,22037,4
Halobacteroidales,Halanaerobiia,4475,
Halocyprida,Ostracoda,14092,51600
Halopanivirales,Laserviricetes,2,
Haloplasmatales,Bacilli,5665,14
Haloplasmatales_A,Bacilli,141,82
Haloruvirales,Huolimaviricetes,18,
Halosphaerales,Prasinophyceae,8820,12499949
Halosphaeriales,Sordariomycetes,58,
Halothiobacillales,Gammaproteobacteria,8617,
Halteriida,Oligotrichea,7367,44
Halymeniales,Florideophyceae,66712,18205
Hapalidiales,Florideophyceae,962,
Haplobothriidea,Cestoda,49,24
Haplosclerida,Demospongiae,141480,22407
Haplosporida,Haplosporea,2658,29
Haplotaxida,Clitellata,8253,13330
Haptoglossales,Peronosporea,60,
Haptorida,Gymnostomatea,15738,4027
Harpacticoida,Copepoda,105326,1619966
Harpellales,Kickxellomycetes,4816,
Harpetida,Trilobita,1605,1161
Hat2,Chlamydiia,14,
Hedwigiales,Bryopsida,55709,6939
Helicobasidiales,Pucciniomycetes,3364,160
Helicophyllales,Bryopsida,1615,29863
Heliobacteriales,Desulfitobacteriia,2459,585
Heliolitina,Anthozoa,5222,1372
Heliomonadida,Endohelea,1,1
Helotiales,Leotiomycetes,1309185,2806346
Hemiaulales,Bacillariophyceae,98880,143181513
Hemiptera,Insecta,10655052,818633905
Hepelivirales,Alsuviricetes,8284,
Herpesvirales,Herviviricetes,13228,
Herpomycetales,Laboulbeniomycetes,219,11
Heteramorphida,Palaeacanthocephala,2,6
Heterodontiformes,Elasmobranchii,49690,8357
Heterogastridiales,Microbotryomycetes,357,9
Heterogloeales,Chrysophyceae,9,11
Heteronemertea,Pilidiophora,25409,17422
Heterotrichida,Heterotrichea,15190,28743
Hexamerocerata,Pauropoda,28,
Hexanchiformes,Elasmobranchii,13737,5652
Hibberdiales,Chrysophyceae,1008,157
Hildenbrandiales,Florideophyceae,47840,6946
Himatismenida,Discosea,4075,130
Hippuritida,Bivalvia,15611,4250
Holasteroida,Echinoidea,11521,6005
Holectypoida,Echinoidea,3795,4528
Holomastigida,Variosea,1,
Holophagales,Holophagae,31776,125
Holosporales,Alphaproteobacteria,73601,96
Holothuriida,Holothuroidea,82325,403849
Holothyrida,Arachnida,281,54
Holtermanniales,Tremellomycetes,2182,1781
Homosclerophorida,Homoscleromorpha,7179,1606
Hookeriales,Bryopsida,94707,457677355
Huberarchaeales,Huberarchaeia,8,
Huerteales,Magnoliopsida,9613,7084
Humimicrobiales,Humimicrobiia,11,
Hydrogenedentiales,Hydrogenedentia,1999,56
Hydrogenothermales,Aquificae,1874,
Hydrothermales,Hydrothermia,1,
Hydrothermarchaeales,Hydrothermarchaeia,148,
Hydrurales,Chrysophyceae,1825,284
Hymeneliales,Lecanoromycetes,17057,1341
Hymenochaetales,Agaricomycetes,1051079,494237
Hymenophyllales,Polypodiopsida,400201,67029
Hymenoptera,Insecta,24621251,1294723641
Hymenostomatida,Oligohymenophorea,25424,8674
Hyocrinida,Crinoidea,469,229
Hyphochytriales,Hyphochytrea,4128,
Hypnales,Bryopsida,6208756,255608293
Hypnodendrales,Bryopsida,28720,69624
Hypocreales,Sordariomycetes,928484,492932
Hypoperlida,Insecta,16,
Hypopterygiales,Bryopsida,22543,1738
Hyracoidea,Mammalia,17981,10986
Hysterangiales,Agaricomycetes,20790,423
Hysteriales,Dothideomycetes,19389,7385
IMC4,Altiarchaeia,1,
IMCC26256,Acidimicrobiia,4185,68690
Iainarchaeales,Iainarchaeia,6,
Icacinales,Magnoliopsida,30085,11244
Idiosepida,Cephalopoda,1426,5422
Ignavibacteriales,Ignavibacteria,42221,9
Imitervirales,Megaviricetes,754,
Immundisolibacterales,Gammaproteobacteria,22339,
Ishigeales,Phaeophyceae,3097,119
Isochrysidales,Prymnesiophyceae,82235,110430126
Isocrinida,Crinoidea,4727,7826
Isoetales,Lycopodiopsida,117674,164935
Isopoda,Malacostraca,1094462,2991583
Isosphaerales,Planctomycetia,67692,45296
Ixodida,Arachnida,485923,695441
Izemoplasmatales,Bacilli,171,75
J040,MBNT15,3,
J102,Anaerolineae,7,
JAACEG01,ABY1,1,
JAAYZQ01,Anaerolineae,6,
JAAZAB01,Kiritimatiellae,5,
JABCZS01,Gammaproteobacteria,5,
JABIPA01,Marinamargulisbacteria,36,
JABMQR01,Spirochaetia,1,
JABWAM01,Verrucomicrobiae,1,
JACNKJ01,Krumholzibacteria,1,
JACQXL01,MHYJ01,1,
JAGOAT01,Saccharimonadia,1,
JAGOUU01,Gammaproteobacteria,19,
JAGPKW01,ABY1,1,
JAHIPI01,Koll11,8,
JC444,Spirochaetia,46,
Jaapiales,Agaricomycetes,1034,123
Jahnulales,Dothideomycetes,1784,24
Jakobida,Jakobea,3207,
Jiangellales,Actinomycetia,4281,26
Jingchuvirales,Monjiviricetes,353,
Jobellisiales,Sordariomycetes,278,4
Julida,Diplopoda,151575,187011
Jungermanniales,Jungermanniopsida,2010056,37418130
Kalamavirales,Tectiliviricetes,14,
Kapabacteriales,Kapabacteria,1216,17265
Katablepharidales,Katablepharidophyceae,28,
Kentrogonida,Maxillopoda,3479,3473
Kentrorhagata,Cyclorhagida,874,733
Kermasida,Asteroidea,18,4
Kickxellales,Kickxellomycetes,7490,
Kiitrichida,Spirotrichea,733,3
Kiloniellales,Alphaproteobacteria,78419,735
Kirengellida,Monoplacophora,166,103
Kiritimatiellales,Kiritimatiellae,28484,
Klebsormidiales,Klebsormidiophyceae,6024,3908829
Koleobacterales,Thermosediminibacteria,1,
Koralionastetales,Sordariomycetes,972,
Korarchaeales,Korarchaeia,4,
Kriegeriales,Microbotryomycetes,4408,
Krumholzibacteriales,Krumholzibacteria,3,
Kryptoniales,Kryptonia,787,10
Ktedonobacterales,Ktedonobacteria,57947,613725
Kyrpidiales,Bacilli,185,
LBFQ01,Hydrothermia,2,
LD1-PB3,Kiritimatiellae,27,
LZORAL124-64-63,Krumholzibacteria,40,
Laboulbeniales,Laboulbeniomycetes,21515,3055
Labyrinthulida,Labyrinthulea,4483,
Lachnospirales,Clostridia,80738,7595
Lactobacillales,Bacilli,185125,3774
Lagarocotylidea,Monogenea,2,2
Lagenismatales,Peronosporea,19,
Lagomorpha,Mammalia,2070011,1910005
Lamiales,Magnoliopsida,41162135,109514660
Laminariales,Phaeophyceae,825789,161558
Lamniformes,Elasmobranchii,101427,89521
Langiophytales,Langiophytopsida,303,64
Latescibacterales,Latescibacteria,22,170
Laurales,Magnoliopsida,1381351,640846
Laurida,Maxillopoda,353,1339
Lecanicephalidea,Cestoda,725,606
Lecanorales,Lecanoromycetes,5831270,25220375
Lecideales,Lecanoromycetes,221359,22668
Lefavirales,Naldaviricetes,1348,1
Legionellales,Gammaproteobacteria,102750,6994
Leiocopida,Ostracoda,1,
Leiosporocerotales,Leiosporocerotopsida,63,4
Lembosinales,Dothideomycetes,388,2
Lentisphaerales,Lentisphaeria,38660,
Leotiales,Leotiomycetes,65793,36353
Leperditicopida,Ostracoda,1239,1131
Lepetellida,Gastropoda,190599,1058840
Lepidopleurida,Polyplacophora,26010,116005
Lepidoptera,Insecta,145160947,603422652
Lepidostromatales,Agaricomycetes,310,13
Leptocylindrales,Bacillariophyceae,78651,19217715
Leptolyngbyales,Cyanobacteriia,43270,27208585
Leptomitales,Peronosporea,999,3
Leptomyxida,Tubulinea,7158,
Leptosomiformes,Aves,5036,7956
Leptospirales,Leptospirae,25607,115
Leptospirillales,Leptospirillia,47,
Leptostraca,Malacostraca,10130,120853
Leptothecata,Hydrozoa,293534,1337114
Leucosolenida,Calcarea,27006,6042
Leucosporidiales,Microbotryomycetes,14028,10830
Lichenoconiales,Dothideomycetes,4097,451
Lichenostigmatales,Arthoniomycetes,2639,136
Lichenotheliales,Dothideomycetes,1965,91
Lichida,Trilobita,8982,5390
Lichinales,Lichinomycetes,48129,5904
Lichinodiales,Leotiomycetes,382,113
Licmophorales,Bacillariophyceae,34438,624815
Licnophorida,Spirotrichea,774,16
Ligamenvirales,Tokiviricetes,19,
Liliales,Liliopsida,2669292,3632816
Limida,Bivalvia,56189,105107
Limnochordales,Limnochordia,7357,
Limnocylindrales,Limnocylindria,971,
Limnognathida,Micrognathozoa,75,7
Limnomedusae,Hydrozoa,8966,98999
Lineolatales,Dothideomycetes,193,
Lingulida,Lingulata,32565,29442
Lithobiomorpha,Chilopoda,96077,51871
Lithodesmiales,Bacillariophyceae,44585,94632832
Lithonida,Calcarea,325,85
Litobothriidea,Cestoda,79,54
Littorinimorpha,Gastropoda,2167347,15391787
Lituolida,Globothalamea,71709,330578
Lobata,Tentaculata,7750,1417711
Lobulomycetales,Lobulomycetes,14035,
Loftusiida,Globothalamea,24908,28317
Longimicrobiales,Gemmatimonadetes,19288,10425
Lophodiniales,Dinophyceae,2974,
Lophogastrida,Malacostraca,4978,64184
Lophomonadida,Trichomonadea,98,
Loxodida,Karyorelictea,2788,18539
Lucinida,Bivalvia,296133,1433520
Lulworthiales,Sordariomycetes,6165,257
Lumbriculida,Clitellata,51721,68855
Lunulariales,Marchantiopsida,41398,73870
Lutisporales,Clostridia,5701,
Lychniscosida,Hexactinellida,4181,1100
Lycopodiales,Lycopodiopsida,924935,96700957
Lyonophytales,Langiophytopsida,95,11
Lyrellales,Bacillariophyceae,474,868
Lyssacinosida,Hexactinellida,57964,61884
ML615J-28,Bacilli,1,
MPNO01,Alphaproteobacteria,940,
Macroscelidea,Mammalia,8619,4059
Magasanikbacterales,ABY1,151,
Magnaporthales,Sordariomycetes,20536,169
Magnetococcales,Magnetococcia,19663,
Magnoliales,Magnoliopsida,907679,396241
Mahellales,Clostridia,246,
Malacalcyonacea,Anthozoa,403856,447793
Malasseziales,Malasseziomycetes,22880,826
Malawimonadida,Malawimonadea,380,1
Malpighiales,Magnoliopsida,19739608,43959908
Malvales,Magnoliopsida,6836243,3056058
Mamiellales,Mamiellophyceae,97915,69046
Mantodea,Insecta,298915,51165
Mantophasmatodea,Insecta,138,34
Marattiales,Polypodiopsida,64659,15600
Marchantiales,Marchantiopsida,324534,3603584
Marinisomatales,Marinisomatia,772,
Mariprofundales,Zetaproteobacteria,14274,
Martellivirales,Alsuviricetes,22823,26
Mastogloiales,Bacillariophyceae,7907,18962
Mazocraeidea,Monogenea,8703,16339
Mecoptera,Insecta,119986,110344
Medeolariales,Leotiomycetes,493,
Megalodontida,Bivalvia,796,226
Megaloptera,Insecta,139116,162473
Meganisoptera,Insecta,145,65
Megasecoptera,Insecta,349,203
Meiodihaplophasida,Microsporea,395,159
Melanosporales,Sordariomycetes,4829,278
Melicerititida,Stenolaemata,2686,3239
Meliolales,Sordariomycetes,29677,29
Melosirales,Bacillariophyceae,79336,13046900
Merliida,Demospongiae,786,237
Mesitornithiformes,Aves,2835,4228
Mesoaciditogales,Thermotogae,1097,
Mesostigmata,Arachnida,690649,187038
Mesostigmatales,Mesostigmatophyceae,475,315
Metchnikovellida,Rudimicrosporea,59,
Methanobacteriales,Methanobacteria,12297,584
Methanocellales,Methanocellia,5705,88
Methanococcales,Methanococci,1548,
Methanofastidiosales,Thermococci,151,
Methanomassiliicoccales,Thermoplasmata,13061,292
Methanomethylicales,Methanomethylicia,25,
Methanomicrobiales,Methanomicrobia,20421,
Methanonatronarchaeales,Methanonatronarchaeia,7,
Methanopyrales,Methanopyri,114,
Methanosarcinales,Methanosarcinia,29228,
Methanosarcinales_A,Methanosarcinia,967,
Methanotrichales,Methanosarcinia,1181,
Methylacidiphilales,Verrucomicrobiae,20380,1216
Methylococcales,Gammaproteobacteria,107770,63
Methylomirabilales,Methylomirabilia,576,48
Metteniusales,Magnoliopsida,28853,13438
Metzgeriales,Jungermanniopsida,258053,97376
Mgiii,Poseidoniia,126,
Micavibrionales,Alphaproteobacteria,2023,178
Micrarchaeales,Micrarchaeia,81,
Micraspidales,Leotiomycetes,108,5
Microascales,Sordariomycetes,59956,1356
Microbiotheria,Mammalia,2491,5321
Microbotryales,Microbotryomycetes,25956,2656
Micropepsales,Alphaproteobacteria,36650,37860
Micropygoida,Echinoidea,133,196
Microstromatales,Exobasidiomycetes,4017,53
Microthamniales,Trebouxiophyceae,2830,9672
Microthyriales,Dothideomycetes,17634,640
Miliolida,Tubothalamea,79799,353706
Millericrinida,Crinoidea,2191,2935
Miltoncostaeales,Thermoleophilia,675,
Mindivirales,Vidaverviricetes,118,1
Ministeriida,Filasterea,246,
Minutisphaerales,Dothideomycetes,1740,31
Minwuiales,Alphaproteobacteria,8,
Miomoptera,Insecta,412,439
Mischococcales,Xanthophyceae,23878,867263
Misophrioida,Copepoda,254,539
Mixiales,Mixiomycetes,422,
Modiomorphida,Bivalvia,6431,5282
Moduliflexales,Moduliflexia,10,
Moellerinales,Charophyceae,41,29
Molpadida,Holothuroidea,7320,10452
Monhysterida,Chromadorea,36601,19532
Moniliellales,Moniliellomycetes,278,
Moniliformida,Archiacanthocephala,425,263
Moniligastrida,Clitellata,871,267
Monoblastiales,Dothideomycetes,42595,30513
Monoblepharidales,Monoblepharidomycetes,6263,
Monocotylidea,Monogenea,1408,893
Monoglobales,Clostridia,23,133
Monomastigales,Mamiellophyceae,571,
Mononegavirales,Monjiviricetes,42502,310
Monostilifera,Hoplonemertea,26139,9492
Monotremata,Mammalia,119821,26088
Monstrilloida,Copepoda,1595,649
Montchadskyellidea,Monogenea,1,1
Moorellales,Moorellia,944,
Moranbacterales,Paceibacteria,147,
Mormonilloida,Copepoda,1499,1167
Mortierellales,Mortierellomycetes,433412,77590
Motilibacterales,Actinomycetia,1040,
Mucorales,Mucoromycetes,74312,23313
Muirbacteriales,Muirbacteriia,1,
Mulpavirales,Arfiviricetes,3030,
Multivalvulida,Myxozoa,992,40
Musophagiformes,Aves,467048,502021
Muvirales,Chunqiuviricetes,30,
Muyocopronales,Dothideomycetes,3548,3
Myalinida,Bivalvia,38929,29573
Mycobacteriales,Actinomycetia,426039,1053943
Mycocaliciales,Eurotiomycetes,44743,13748
Mycoplasmatales,Bacilli,41431,1674
Mycosphaerellales,Dothideomycetes,296697,17846
Myida,Bivalvia,241305,9789457
Myliobatiformes,Elasmobranchii,241847,372717
Myodocopida,Ostracoda,34346,746701
Myopsida,Cephalopoda,96866,6866664
Myriangiales,Dothideomycetes,15885,599
Myrmecridiales,Sordariomycetes,5117,4
Myrtales,Magnoliopsida,11426792,229333452
Mysida,Malacostraca,98341,1117473
Mytilida,Bivalvia,476803,19400992
Mytilinidiales,Dothideomycetes,19592,150840
Myxiniformes,Myxini,20680,12494
Myxococcales,Myxococcia,237238,127275
NS11-12g,Bacteroidia,2263,
Naiaditales,Marchantiopsida,4,
Nannocystales,Polyangia,53842,1149
Nanoarchaeales,Nanoarchaeia,126,
Nanopelagicales,Actinomycetia,9359,
Naohideales,Cystobasidiomycetes,219,5
Narapida,Clitellata,87,
Narcomedusae,Hydrozoa,8020,20284
Nassellaria,Polycystina,142814,89354
Nassulida,Nassophorea,7047,5
Nassulopsida,Nassophorea,26,
Natipusillales,Dothideomycetes,12,2
Natomonadida,Peranemea,430,243
Natranaerobiales,Natranaerobiia,5061,
Nautiliales,Campylobacteria,3599,
Nautilida,Cephalopoda,36256,11878
Naviculales,Bacillariophyceae,567181,194422055
Nectiopoda,Remipedia,267,192
Nectonematoidea,Nectonematoida,24,16
Nectopantopoda,Pycnogonida,2,1
Neelipleona,Collembola,8820,9609
Nemaliales,Florideophyceae,55440,12052
Nemastomatales,Florideophyceae,10424,1111
Nemodermatales,Phaeophyceae,339,2
Neobodonida,Kinetoplastea,85,
Neocallimastigales,Neocallimastigomycetes,4523,1
Neocelosporiales,Dothideomycetes,7,
Neodactylariales,Dothideomycetes,89,1
Neoechinorhynchida,Eoacanthocephala,3577,7913
Neogastropoda,Gastropoda,2186752,3195973
Neogregarinorida,Conoidasida,893,5
Neohodgsoniales,Marchantiopsida,74,2
Neolectales,Neolectomycetes,1671,967
Neomphalida,Gastropoda,3637,228737
Neophaeothecales,Dothideomycetes,377,
Neopilinida,Monoplacophora,186,233
Neosynechococcales,Cyanobacteriia,109,
Nephroselmidales,Nephroselmidophyceae,8167,60915
Neuroptera,Insecta,491042,363968
Nevskiales,Gammaproteobacteria,74222,482
Nidovirales,Pisoniviricetes,55332,44
Nippotaeniidea,Cestoda,16,8
Nitriliruptorales,Actinomycetia,9979,
Nitrococcales,Gammaproteobacteria,3031,
Nitrosococcales,Gammaproteobacteria,16120,186
Nitrososphaerales,Nitrososphaeria,111645,11988
Nitrospinales,Nitrospinia,63276,
Nitrospirales,Nitrospiria,38617,17384
Noctilucales,Dinophyceae,52423,78945004
Nodamuvirales,Magsaviricetes,2086,
Norongarragalinales,Micrarchaeia,1,
Norzivirales,Leviviricetes,130,
Notomyotida,Asteroidea,12,
Notoryctemorphia,Mammalia,861,372
Notostraca,Branchiopoda,9309,40330
Notothyladales,Anthocerotopsida,10586,223343
Novakomycetales,Novakomycetes,2,
Nucleariida,Cristidiscoidea,8282,9
Nuculanida,Bivalvia,136010,490742
Nuculida,Bivalvia,104684,759899
Nudibranchia,Gastropoda,478891,524389
Nyctibiiformes,Aves,126278,137605
Nymphaeales,Magnoliopsida,455902,730191
OLB7,Kapabacteria,9,
OPB41,Coriobacteriia,27,
Obscuribacterales,Vampirovibrionia,693,1737
Oceanibaculales,Alphaproteobacteria,3403,
Ochromonadales,Chrysophyceae,51752,2397192
Octopoda,Cephalopoda,89143,198678
Odonata,Insecta,13683184,33632296
Odontopleurida,Trilobita,136,12
Odontostomatida,Spirotrichea,3868,7
Oedipodiales,Polytrichopsida,994,36
Oedogoniales,Chlorophyceae,17257,36747
Oegopsida,Cephalopoda,218157,4500754
Olenellida,Trilobita,77,47
Oligacanthorhynchida,Archiacanthocephala,4481,3993
Oligoflexales,Oligoflexia,112156,3989
Oligotrichida,Oligotrichea,80013,31306078
Olpidiales,Chytridiomycetes,2973,5
Olpidiopsidales,Peronosporea,4793,
Oltmannsiellopsidales,Ulvophyceae,1463,
Omnitrophales,Omnitrophia,600,348
Onchoproteocephalidea,Cestoda,8681,4825
Onslowiales,Phaeophyceae,15,
Onygenales,Eurotiomycetes,56213,6838
Oocystales,Trebouxiophyceae,47745,171695612
Ophiacanthida,Ophiuroidea,80301,274070
Ophioglossales,Polypodiopsida,356621,862608
Ophioleucida,Ophiuroidea,1835,4413
Ophioscolecida,Ophiuroidea,3244,4611
Ophiostomatales,Sordariomycetes,10823,271
Opilioacarida,Arachnida,659,611
Opiliones,Arachnida,416716,388819
Opisthocomiformes,Aves,48976,314945
Opisthopora,Clitellata,242,1370
Opitutales,Verrucomicrobiae,220289,30625
Orbiliales,Orbiliomycetes,47567,11073
Orectolobiformes,Elasmobranchii,48500,15981
Orphellales,Kickxellomycetes,362,
Ortervirales,Revtraviricetes,41029,2360
Orthocerida,Cephalopoda,33421,28224
Orthodontiales,Bryopsida,29460,35198428
Orthopolintovirales,Polintoviricetes,5,
Orthoptera,Insecta,6255818,6338404
Orthoseirales,Bacillariophyceae,6481,393
Orthotrichales,Bryopsida,619212,239409
Oscillospirales,Clostridia,58784,3281
Osmundales,Polypodiopsida,240535,144793
Ostreida,Bivalvia,281909,1952100
Ostropales,Lecanoromycetes,424934,1098606
Otidiformes,Aves,440302,2560054
Ourlivirales,Miaviricetes,595,
Oxalidales,Magnoliopsida,1732508,3661057
Oxymonadida,Anaeromonadea,778,4
Oxyrrhinales,Dinophyceae,7157,58
Oxytrichida,Hypotrichea,49940,1280
Ozemobacterales,Ozemobacteria,5,
P2-11E,Limnocylindria,392,15378
PIVX01,Gammaproteobacteria,8,
PS1,Gammaproteobacteria,4105,
PWTM01,Kiritimatiellae,4,
Pacearchaeales,Nanoarchaeia,55,
Paceibacterales,Paceibacteria,118,
Pachnocybales,Pucciniomycetes,209,
Paenibacillales,Bacilli,80075,156565
Palaeocopida,Ostracoda,25113,22056
Palaeodictyoptera,Insecta,774,309
Palaeoisopoda,Pycnogonida,93,
Palaeopantopoda,Pycnogonida,9,
Pallaviciniales,Jungermanniopsida,27575,5253
Palmariales,Florideophyceae,40225,16768
Palmophyllales,Palmophyllophyceae,2575,35
Palpigradi,Arachnida,485,311
Palpitida,Palpitea,6586,
Pan216,Planctomycetia,2,
Pandanales,Liliopsida,139501,50676
Pantopoda,Pycnogonida,64374,127491
Paoliida,Insecta,203,99
Parabodonida,Kinetoplastea,10102,11
Paracaedibacterales,Alphaproteobacteria,1017,20
Parachela,Eutardigrada,30119,17093
Paracinetida,Phyllopharyngea,3,2
Paracryphiales,Magnoliopsida,19871,654
Paraglomerales,Glomeromycetes,5926,690
Paraliales,Bacillariophyceae,44675,158541680
Pararamichloridiales,Sordariomycetes,13,
Parasympodiellales,Sordariomycetes,392,2
Parmales,Chrysophyceae,3654,71066
Parvarchaeales,Nanoarchaeia,5,
Parvibaculales,Alphaproteobacteria,3921,1340
Parvidrilida,Clitellata,78,19
Passeriformes,Aves,1098534950,8814895526
Patatavirales,Stelpaviricetes,20334,983
Patellariales,Dothideomycetes,8002,3792
Paucituberculata,Mammalia,2415,838
Pavlovales,Pavlovophyceae,9711,2
Paxillosida,Asteroidea,91114,259491
Pectinida,Bivalvia,490059,2159119
Pedinellales,Dictyochophyceae,38525,160469
Pedinoida,Echinoidea,1108,1274
Pedinomonadales,Pedinophyceae,2821,32379
Pedosphaerales,Verrucomicrobiae,30224,106298
Pedunculata,Maxillopoda,46612,130523
Pelagibacterales,Alphaproteobacteria,86276,
Pelagomonadales,Dictyochophyceae,25574,12
Pelecaniformes,Aves,74034303,538894255
Pelliales,Jungermanniopsida,104709,29977
Peltigerales,Lecanoromycetes,1203107,605652
Peniculida,Oligohymenophorea,7782,1281
Pennatulacea,Anthozoa,10302,4535
Peptococcales,Peptococcia,47320,1775
Peptostreptococcales,Clostridia,72734,51636
Peramelemorphia,Mammalia,246831,72199
Peranemida,Euglenoidea,293,287
Peribacterales,Gracilibacteria,153,
Peridiniales,Dinophyceae,402661,531539378
Peripodida,Asteroidea,42,321
Perissodactyla,Mammalia,410158,691392
Peritrichida,Oligohymenophorea,32823,396462
Perkinsida,Perkinsea,26480,14
Peronosporales,Peronosporea,168914,12797498
Persiculida,Holothuroidea,13069,5153
Pertusariales,Lecanoromycetes,508950,1182739
Petalomonadida,Euglenoidea,8302,2522
Petitvirales,Malgrandaviricetes,2440,
Petromyzontiformes,Petromyzonti,256159,397164
Petrosaviales,Liliopsida,413,29
Petrotogales,Thermotogae,3994,
Peyssonneliales,Florideophyceae,30894,9656
Pezizales,Pezizomycetes,816465,963871
Phacidiales,Leotiomycetes,19615,6579
Phacodiniida,Spirotrichea,73,1
Phacopida,Trilobita,61963,38536
Phaeocystales,Prymnesiophyceae,33097,24900126
Phaeomoniellales,Eurotiomycetes,4158,524
Phaeophilales,Chlorophyceae,8,
Phaeothamniales,Phaeophyceae,2096,14659
Phaeothecales,Dothideomycetes,115,
Phaeotrichales,Dothideomycetes,972,19
Phaethontiformes,Aves,134731,619397
Phalansteriida,Variosea,3451,
Phallales,Agaricomycetes,141731,86969
Phascolosomatiformes,Phascolosomatidea,7913,16125
Phasmida,Insecta,77951,26212
Philasterida,Oligohymenophorea,14754,187
Phlebobranchia,Ascidiacea,79806,115632
Phoenicopteriformes,Aves,733346,143597113
Pholidota,Mammalia,4261,1436
Phomatosporales,Sordariomycetes,3676,176
Phormidesmiales,Cyanobacteriia,3072,38962
Phragmophora,Sagittoidea,10551,115331
Phycisphaerales,Phycisphaerae,108601,809
Phyllachorales,Sordariomycetes,35887,2947
Phyllobothriidea,Cestoda,1722,1316
Phylloceratida,Cephalopoda,9779,2382
Phyllodocida,Polychaeta,1305533,5208205
Phyllosiphonales,Xanthophyceae,368,7
Phymatocerotales,Anthocerotopsida,796,29
Phymosomatoida,Echinoidea,3949,2908
Physarales,Myxomycetes,265065,420976
Physodermatales,Blastocladiomycetes,4342,32
Phytodiniales,Dinophyceae,1699,3975010
Piccovirales,Quintoviricetes,15054,
Piciformes,Aves,84533955,137581901
Picocystales,Picocystophyceae,205,
Picomonadida,Picomonadea,24057,
Picophagales,Picophagea,166,
Picornavirales,Pisoniviricetes,52369,
Picramniales,Magnoliopsida,22224,13521
Pihiellales,Florideophyceae,11,
Pilosa,Mammalia,63315,37459
Pimascovirales,Megaviricetes,2563,12
Pinales,Pinopsida,7307502,5502585
Pinguiochrysidales,Dictyochophyceae,6414,2
Piperales,Magnoliopsida,1025336,630420
Pirellulales,Planctomycetia,130013,36529
Piroplasmorida,Aconoidasida,332,13
Piscirickettsiales,Gammaproteobacteria,17556,
Pisorisporiales,Sordariomycetes,1076,15
Plagiopylida,Kinetofragminophora,1629,619
Plagiorchiida,Trematoda,119090,1309402
Plagiotomida,Heterotrichea,540,
Planctomycetales,Planctomycetia,256637,21566
Planomonadida,Thecomonadea,4658,
Plasmodiophorida,Phytomyxea,17569,158
Platycopida,Ostracoda,20516,32026
Platycopioida,Copepoda,36,37
Platyctenida,Tentaculata,682,305
Platydesmida,Diplopoda,2399,1054
Platygloeales,Pucciniomycetes,5455,2330
Plecoptera,Insecta,971993,4531309
Plectida,Chromadorea,15314,52050
Pleosporales,Dothideomycetes,817104,707962
Pleurastrales,Pleurastrophyceae,550,
Pleurobranchida,Gastropoda,12648,5562
Pleurochloridellales,Phaeophyceae,108,
Pleuronematida,Oligohymenophorea,5519,4199
Pleurostomatida,Gymnostomatea,10483,128
Pleurotheciales,Sordariomycetes,1435,10
Pleurotomariida,Gastropoda,43107,38993
Pleuroziales,Jungermanniopsida,7112,665
Plocamiales,Florideophyceae,47754,22538
Ploeotiida,Euglenoidea,114,
Ploima,Eurotatoria,158547,34895636
Plumatellida,Phylactolaemata,8135,1001052529
Pneumocystales,Pneumocystomycetes,335,4
Poales,Liliopsida,71890814,1283806515
Podicipediformes,Aves,16677336,136680952
Podocopida,Ostracoda,271586,528714
Podorhabdales,Prymnesiophyceae,19427,4720
Poduromorpha,Collembola,199365,2376422
Poecilosclerida,Demospongiae,169646,98044
Polivirales,Mouviricetes,47,
Polyacanthorhynchida,Polyacanthocephala,21,14
Polyangiales,Polyangia,145576,75800
Polyarthra,Copepoda,6425,198979
Polychytriales,Chytridiomycetes,1487,
Polydesmida,Diplopoda,148003,208204
Polymastiida,Demospongiae,37591,7750
Polymorphida,Palaeacanthocephala,6697,124079
Polyplacotomea,Polyplacotomia,52,
Polypodiales,Polypodiopsida,11562764,112809630
Polyporales,Agaricomycetes,2778430,1305379
Polystilifera,Hoplonemertea,1119,756
Polystomatidea,Monogenea,2271,912
Polytrichales,Polytrichopsida,866789,37229412
Polyxenida,Diplopoda,7931,16436
Polyzoniida,Diplopoda,4423,11973
Pontismatales,Peronosporea,369,
Porellales,Jungermanniopsida,791956,1418398
Porisulfidales,Gammaproteobacteria,1,
Porocephalida,Maxillopoda,3168,2712
Porphyridiales,Porphyridiophyceae,4816,89
Portnoybacterales,Paceibacteria,6,
Portnoybacterales_A,Paceibacteria,3,
Poseidoniales,Poseidoniia,888,
Postgaardida,Postgaardea,2,
Pottiales,Bryopsida,1281857,916303339
Prasinococcales,Prasinophyceae,17351,
Prasiolales,Trebouxiophyceae,13605,650576
Priklausovirales,Maveriviricetes,11,
Primates,Mammalia,483978,336053
Primavirales,Tokiviricetes,4,
Pristiophoriformes,Elasmobranchii,4819,8880
Proboscidea,Mammalia,88424,41685
Procellariiformes,Aves,5688368,486062315
Proetida,Trilobita,21171,9622
Prokinetoplastida,Kinetoplastea,2914,4
Prolecanitida,Cephalopoda,1974,95760
Promineofilales,Anaerolineae,9,
Proparia,Trilobita,42,6
Propionibacteriales,Actinomycetia,158294,279215
Propionisporales,Negativicutes,6190,
Prorocentrales,Dinophyceae,123871,340385540
Prorodontida,Gymnostomatea,1993,2
Prostomatida,Prostomatea,21114,5976
Proteales,Magnoliopsida,1431742,390228
Proteinivoracales,Proteinivoracia,179,
Protocoleoptera,Insecta,210,30
Protocruziida,Spirotrichea,2665,
Protoheterotrichida,Karyorelictea,580,372
Protoraphidales,Bacillariophyceae,500,
Protorthoptera,Insecta,562,305
Protosteliales,Protosteliomycetes,112952,
Protura,Protura,34333,1196
Prymnesiales,Prymnesiophyceae,81161,3758518
Pseudanabaenales,Cyanobacteriia,30078,24676633
Pseudodactylariales,Sordariomycetes,498,
Pseudoditrichales,Bryopsida,756,203
Pseudoholophryida,Gymnostomatea,13,
Pseudomonadales,Gammaproteobacteria,1079610,28754
Pseudoscorpiones,Arachnida,77372,101515
Pseudoscourfieldiales,Prasinophyceae,10214,1216
Psilotales,Polypodiopsida,34659,11083
Psittaciformes,Aves,16556325,98543943
Psocodea,Insecta,466989,426407
Pteroclidiformes,Aves,203085,2852633
Pteropoda,Gastropoda,105782,867006
Ptilidiales,Jungermanniopsida,59475,1048317
Ptychomniales,Bryopsida,14569,773
Ptychopariida,Trilobita,51680,30387
Pucciniales,Pucciniomycetes,1185031,208349
Puniceispirillales,Alphaproteobacteria,6110,
Pygophora,Maxillopoda,834,752
Pyramimonadales,Prasinophyceae,53811,968270
Pyrenomonadales,Cryptophyceae,109746,7411067
Pyrenulales,Eurotiomycetes,63885,117049
Pyrinomonadales,Blastocatellia,63726,94092
Pyrocystales,Dinophyceae,9169,805795
Pyrosomatida,Thaliacea,7992,291024
Pyxidiophorales,Laboulbeniomycetes,987,3
QHBO01,Limnocylindria,27,
QQUJ01,Gammaproteobacteria,33,
Quasiramulariales,Ustilaginomycetes,2,
RBC074,Blastocatellia,6,
REDH01,Bradymonadia,118,
REEB76,Gammaproteobacteria,7,
RES148,Bacilli,5700,1
RF32,Alphaproteobacteria,1,
RF39,Bacilli,32,126
RFN20,Bacilli,227,
RFP12,Kiritimatiellae,21,
RGZZ01,Xenobia,2,
RKRP01,Gammaproteobacteria,29,
RKRQ01,UBA1144,23,
RUG11792,Alphaproteobacteria,2,
Rajiformes,Elasmobranchii,451634,27603255
Ralfsiales,Phaeophyceae,28394,5118
Randiellida,Clitellata,89,64
Ranunculales,Magnoliopsida,14345128,160100331
Rapazida,Euglenoidea,9,
Raphidioptera,Insecta,23517,13617
Receptaculitales,Chlorophyceae,7186,1083
Recrevirales,Arfiviricetes,3,
Reculoidea,Insecta,163,255
Redlichiida,Trilobita,15099,9908
Reovirales,Resentoviricetes,40486,
Retortamonadida,Retortamonadea,225,13
Reyranellales,Alphaproteobacteria,28766,58158
Rhabditida,Chromadorea,354050,644143
Rhabdonematales,Bacillariophyceae,2594,15238
Rhabdopleurida,Pterobranchia,812,434
Rhaphoneidales,Bacillariophyceae,21,
Rhaponeidales,Bacillariophyceae,19204,7551786
Rheiformes,Aves,55027,310796
Rhinebothriidea,Cestoda,1344,704
Rhinopristiformes,Elasmobranchii,52887,28323
Rhipidiales,Peronosporea,440,
Rhizobiales,Alphaproteobacteria,938067,972674
Rhizobiales_A,Alphaproteobacteria,3236,49
Rhizobiales_B,Alphaproteobacteria,398,
Rhizocarpales,Lecanoromycetes,112028,18933
Rhizochloridales,Xanthophyceae,2607,1106
Rhizochromulinales,Dictyochophyceae,3902,
Rhizogoniales,Bryopsida,18644,71504
Rhizophlyctidales,Chytridiomycetes,27017,1
Rhizophydiales,Rhizophydiomycetes,54560,3918
Rhizosoleniales,Bacillariophyceae,373649,3701200840
Rhizostomeae,Scyphozoa,50223,54438
Rhodachlyales,Florideophyceae,127,
Rhodellales,Rhodellophyceae,796,
Rhodobacterales,Alphaproteobacteria,500146,1709
Rhodochaetales,Compsopogonophyceae,1596,4
Rhodogorgonales,Florideophyceae,357,106
Rhodospirillales,Alphaproteobacteria,230214,12793
Rhodothermales,Rhodothermia,40172,87
Rhodymeniales,Florideophyceae,106461,59804
Rhopalodiales,Bacillariophyceae,8722,494819
Rhynchobdellida,Clitellata,235955,265578
Rhynchonellida,Rhynchonellata,94919,110667
Rhytismatales,Leotiomycetes,132187,116282
Ricinulei,Arachnida,1442,2598
Rickettsiales,Alphaproteobacteria,173466,472
Rigifilida,Hilomonadea,2196,
Robbauerales,Exobasidiomycetes,69,
Robertinida,Globothalamea,8649,4141
Rodentia,Mammalia,9501261,14035185
Rokubacteriales,Methylomirabilia,831,9427
Rosales,Magnoliopsida,31089096,29717614
Rosettozymales,Microbotryomycetes,7,
Rotaliida,Globothalamea,1807350,752016
Rowavirales,Tectiliviricetes,6497,
Rozellida,Rozellidea,86,
Rozellopsidales,Peronosporea,9,1
Rubeoparvulales,Bacilli,71,
Rubrobacterales,Rubrobacteria,28926,32760
Rufusiales,Stylonematophyceae,2,
Runcinida,Gastropoda,790,225
Russulales,Agaricomycetes,2265855,2902990
Ryanbacterales,Paceibacteria,6,
S139-126,ABY1,4,
S15B-MN24,Sericytochromatia,14,
SAR202,Dehalococcoidia,63,
SAR86,Gammaproteobacteria,2050,
SB-45,JS1,5,
SBBC01,ABY1,10,
SBBL01,Nitrospiria,10,
SC72,Dojkabacteria,4,
SG8-11,Gammaproteobacteria,2,
SG8-24,ABY1,253,
SG8-5,Thermoplasmata,29,
SHVP01,Alphaproteobacteria,12,
SHYB01,Dehalococcoidia,9,
SHYD01,Dehalococcoidia,2,
SK-Y3,Clostridia,4,
SLAD01,Kiritimatiellae,13,
SLPQ01,DG-23,2,
SM23-28-2,Dehalococcoidia,7,
SM23-33,Phycisphaerae,16,
SP197,Alphaproteobacteria,290,
SS1-B-03-39,Kiritimatiellae,1,
SSC4,Anaerolineae,1,
SW-4-49-11,Paceibacteria,96,
SXXA01,Marinamargulisbacteria,12,
Sabellida,Polychaeta,602612,5921188
Saccharimonadales,Saccharimonadia,3654,17187
Saccharofermentanales,Clostridia,4490,
Saccharomycetales,Saccharomycetes,166198,1122
Sakaguchiales,Cystobasidiomycetes,2331,1255
Salenioida,Echinoidea,4444,4899
Salpida,Thaliacea,37023,11959354
Salviniales,Polypodiopsida,162197,2689509901
Sanchytriales,Sanchytriomycetes,263,
Santalales,Magnoliopsida,1140820,848227
Sapindales,Magnoliopsida,7511347,2545373
Saprolegniales,Peronosporea,19306,26
Sarcinochrysidales,Dictyochophyceae,8714,4
Sarcoptiformes,Arachnida,595491,972165
Sareales,Sareomycetes,5085,1163
Savoryellales,Sordariomycetes,886,33
Saxifragales,Magnoliopsida,5482510,252595459
Scalpelliformes,Maxillopoda,364,201
Scandentia,Mammalia,7072,3101
Sceptrulophora,Hexactinellida,53902,67644
Schaereriales,Lecanoromycetes,10447,907
Schizaeales,Polypodiopsida,160203,25204
Schizocladiales,Schizocladiophyceae,15,
Schizomida,Arachnida,7004,6875
Schizosaccharomycetales,Schizosaccharomycetes,3015,2
Scleractinia,Anthozoa,1226336,2630289
Scleralcyonacea,Anthozoa,460815,1507452
Sclerococcales,Eurotiomycetes,7335,519
Scolopendromorpha,Chilopoda,58857,21202
Scopalinida,Demospongiae,4586,849
Scorpiones,Arachnida,169840,120401
Scotinosphaerales,Ulvophyceae,309,3
Scouleriales,Bryopsida,84501,12138
Scourfieldiales,Pedinophyceae,829,146478
Scuticociliatida,Oligohymenophorea,7459,6903
Scutigeromorpha,Chilopoda,30144,5235
Scytosiphonales,Phaeophyceae,65629,9308
Scytothamnales,Phaeophyceae,4781,328
Sebacinales,Agaricomycetes,153026,131361
Sebdeniales,Florideophyceae,1906,212
Sedimentisphaerales,Phycisphaerae,1652,
Seguenziida,Gastropoda,27600,53106
Seisonacea,Pararotatoria,28,
Selaginellales,Lycopodiopsida,381933,165959
Selenomonadales,Negativicutes,14223,1
Semaeostomeae,Scyphozoa,92575,11127946
Sepiida,Cephalopoda,152246,104961
Sepolyvirales,Papovaviricetes,1150,
Septemchitonida,Polyplacophora,235,342
Septobasidiales,Pucciniomycetes,7395,87
Serpentovirales,Milneviricetes,440,
Sessilia,Maxillopoda,268442,3553278
Silicoflagellata,Dictyochophyceae,124,27406200
Silvanigrellales,Oligoflexia,17341,951
Siphonaptera,Insecta,239089,186912
Siphonariida,Gastropoda,35839,41882
Siphoniulida,Diplopoda,22,27
Siphonocladales,Ulvophyceae,29140,9191
Siphonocryptida,Diplopoda,34,14
Siphonophorae,Hydrozoa,83529,601091
Siphonophorida,Diplopoda,1726,2313
Siphonostomatoida,Copepoda,37277,229904
Siphonotretida,Lingulata,908,356
Sipunculiformes,Sipunculidea,4560,15703
Sirenia,Mammalia,65006,130507
Sistotremastrales,Agaricomycetes,2256,157
Sneathiellales,Alphaproteobacteria,59684,
Sobelivirales,Pisoniviricetes,3941,
Solanales,Magnoliopsida,6192586,3071078
Solemyida,Bivalvia,10419,11999
Solifugae,Arachnida,13380,13773
Solirubrobacterales,Thermoleophilia,156371,1122882
Sordariales,Sordariomycetes,240761,20861
Soricomorpha,Mammalia,1146554,898100
Sorogenida,Colpodea,76,
Spatangoida,Echinoidea,116010,1074193
Spathebothriidea,Cestoda,273,367
Spathidiida,Gymnostomatea,11970,2424
Spathulosporales,Sordariomycetes,679,
Spechtbacterales,Paceibacteria,9,
Sphacelariales,Phaeophyceae,74490,5578
Sphaeriida,Bivalvia,360647,1526481
Sphaerocarpales,Marchantiopsida,7003,32842
Sphaerochaetales,Spirochaetia,3422,
Sphaerocladina,Demospongiae,166,33
Sphaeropleales,Chlorophyceae,272135,79513280
Sphaerotheriida,Diplopoda,3325,8172
Sphagnales,Sphagnopsida,1239457,396235309
Sphenisciformes,Aves,1431373,184283489
Sphingobacteriales,Bacteroidia,128482,44209
Sphingomonadales,Alphaproteobacteria,364634,187085
Spiculogloeales,Spiculogloeomycetes,1124,7
Spinulosida,Asteroidea,53325,26465
Spirillinida,Tubothalamea,13500,16358
Spirobolida,Diplopoda,27597,19702
Spirochaetales_A,Spirochaetia,2,
Spirochaetales_E,Spirochaetia,46,
Spirostreptida,Diplopoda,17576,40545
Spirotrichonymphida,Trichomonadea,172,
Spirulida,Cephalopoda,4360,7016
Spizellomycetales,Chytridiomycetes,35095,267
Splachnales,Bryopsida,109925,105702456
Spongillida,Demospongiae,29260,9295
Sporichthyales,Actinomycetia,29926,7150
Sporidiobolales,Microbotryomycetes,37634,17
Sporochnales,Phaeophyceae,10624,7668
Sporolithales,Florideophyceae,20,
Sporomusales,Negativicutes,13167,13886
Sporomusales_A,Negativicutes,1328,1
Spumellaria,Polycystina,99982,108916
Squaliformes,Elasmobranchii,425657,2317181
Squatiniformes,Elasmobranchii,11634,9157
Staphylococcales,Bacilli,59422,19481
Stauromedusae,Staurozoa,3218,2423
Steatornithiformes,Aves,11135,279942
Stellavirales,Stelpaviricetes,6775,
Stemmiulida,Diplopoda,955,4202
Stemonitidales,Myxomycetes,109988,44087
Stephanolithiales,Prymnesiophyceae,5584,14
Stereomyxida,Variosea,437,
Stereopsidales,Agaricomycetes,2217,1232
Steroidobacterales,Gammaproteobacteria,20289,31610
Stichocotylida,Trematoda,25,4
Stichotrichida,Hypotrichea,15813,1457
Stictocyclales,Bacillariophyceae,149,6
Stictodiscales,Bacillariophyceae,1806,312
Stigmatodiscales,Dothideomycetes,221,1
Stolidobranchia,Ascidiacea,145589,42120988
Stomatopoda,Malacostraca,50479,142416
Stomopneustoida,Echinoidea,1662,1745
Strepsiptera,Insecta,7860,14681
Streptomycetales,Actinomycetia,97698,286412
Streptosporangiales,Actinomycetia,37660,36563
Striatellales,Bacillariophyceae,15362,82065
Strigiformes,Aves,9963703,11574047
Strigulales,Dothideomycetes,15169,1490
Strombidiida,Oligotrichea,51919,55444
Struthioniformes,Aves,118283,248938
Stylommatophora,Gastropoda,4855682,29860294
Stylonematales,Stylonematophyceae,6361,268
Suberitida,Demospongiae,77366,30676
Suctorida,Kinetofragminophora,7810,249
Suessiales,Dinophyceae,41424,1004
Sulfobacillales,Sulfobacillia,30,
Sulfolobales,Thermoproteia,3912,
Suliformes,Aves,26979198,586514726
Sumerlaeales,Sumerlaeia,370,2059
Superstratomycetales,Dothideomycetes,9,
Surirellales,Bacillariophyceae,45557,610210
Sycidiales,Charophyceae,93,24
Symbiida,Eucycliophora,1048,226
Symbiobacteriales,Symbiobacteriia,3789,754
Symbiotaphrinales,Xylonomycetes,234,
Symphypleona,Collembola,129550,125612
Synallactida,Holothuroidea,45760,99225
Synchromales,Synchromophyceae,56,
Syndiniales,Dinophyceae,150432,1
Synechococcales,Cyanobacteriia,105316,76093441
Synergistales,Synergistia,22703,7
Synhymeniida,Nassophorea,1531,
Syntrophales,Syntrophia,47324,1
Syntrophobacterales,Syntrophobacteria,44728,7
Syntrophomonadales,Syntrophomonadia,14950,7
Syntrophorhabdales,Syntrophorhabdia,9983,
Synurales,Chrysophyceae,23547,915550
Syracosphaerales,Prymnesiophyceae,28353,39925830
Syringodermatales,Phaeophyceae,333,2
Systellommatophora,Gastropoda,21118,9424
TANB77,Clostridia,1,
TMED109,Alphaproteobacteria,204,
TMED127,Alphaproteobacteria,100,
Tabellariales,Bacillariophyceae,16708,3450346
Takakiales,Takakiopsida,1658,111
Talbotiomycetales,Entorrhizomycetes,630,
Tanaidacea,Malacostraca,90260,997567
Taphrinales,Taphrinomycetes,68078,93513
Tectibranchiata,Gastropoda,26,65
Telonemida,Telonemea,9341,
Teloschistales,Lecanoromycetes,714804,1051511
Tenderiales,Gammaproteobacteria,469,
Tentaculitida,Cricoconarida,2167,5420
Tepidibacillales,Bacilli,405,
Tepidiformales,Dehalococcoidia,42,
Tepidisphaerales,Phycisphaerae,37452,87528
Terebratulida,Rhynchonellata,84246,134227
Termititenacales,Termititenacia,4,
Tethyida,Demospongiae,15832,2945
Tetrabothriidea,Cestoda,1301,819
Tetractinellida,Demospongiae,71499,80839
Tetramerocerata,Pauropoda,1932,628
Tetraphidales,Polytrichopsida,44420,157910
Tetraphyllidea,Cestoda,1419,1307
Tetrasporales,Chlorophyceae,7191,75753
Textulariida,Globothalamea,47094,147945
Thalassionematales,Bacillariophyceae,149056,2747230431
Thalassiophysales,Bacillariophyceae,56024,491521
Thalassiosirales,Bacillariophyceae,490036,5529259016
Thalassobaculales,Alphaproteobacteria,14070,3
Thalassocalycida,Tentaculata,14,
Thallochrysidales,Chrysophyceae,8,1
Thecideida,Rhynchonellata,5314,6453
Thelebolales,Leotiomycetes,68106,30545
Thelephorales,Agaricomycetes,747963,2217491
Thermacetogeniales,Moorellia,103,
Thermaerobacterales,Thermaerobacteria,43,
Thermicanales,Bacilli,395,
Thermincolales,Thermincolia,104,784
Thermoactinomycetales,Bacilli,24950,14853
Thermoanaerobacterales,Thermoanaerobacteria,18856,
Thermoanaerobaculales,Thermoanaerobaculia,11062,37329
Thermobaculales,Chloroflexia,163,
Thermococcales,Thermococci,1601,
Thermodesulfobacteriales,Thermodesulfobacteria,3589,
Thermodesulfobiales,Thermodesulfobiia,1019,
Thermodesulfovibrionales,Thermodesulfovibrionia,506,
Thermofilales,Thermoproteia,535,
Thermoflexales,Anaerolineae,11246,
Thermomicrobiales,Chloroflexia,35543,105530
Thermoplasmatales,Thermoplasmata,6319,
Thermoproteales,Thermoproteia,1047,
Thermosbaenacea,Malacostraca,1376,1718
Thermosediminibacterales,Thermosediminibacteria,204,
Thermosulfidibacterales,Thermosulfidibacteria,166,
Thermosynechococcales,Cyanobacteriia,3234,311
Thermotogales,Thermotogae,3067,
Thermotomaculales,Holophagae,1397,
Thiohalobacterales,Gammaproteobacteria,2872,
Thiohalomonadales,Gammaproteobacteria,3677,
Thiohalorhabdales,Gammaproteobacteria,1065,
Thiohalospirales,Gammaproteobacteria,849,
Thiomicrospirales,Gammaproteobacteria,5878,
Thiotrichales,Gammaproteobacteria,117619,1
Thoracosphaerales,Dinophyceae,20477,663849
Thoreales,Florideophyceae,1783,55
Thraustochytrida,Labyrinthulea,41004,410
Thysanoptera,Insecta,322326,354788
Tilletiales,Exobasidiomycetes,10309,225
Tilopteridales,Phaeophyceae,15198,1530
Timlovirales,Leviviricetes,10,
Timmiales,Bryopsida,18602,21455
Tinamiformes,Aves,688358,963124
Tintinnida,Oligotrichea,87022,10075568
Tirisporellales,Dothideomycetes,12,
Tissierellales,Clostridia,38614,7
Tistrellales,Alphaproteobacteria,2822,354
Titanoptera,Insecta,21,11
Togniniales,Sordariomycetes,1596,6
Tolivirales,Tolucaviricetes,3317,
Torpediniformes,Elasmobranchii,27047,134694
Torpedosporales,Sordariomycetes,609,2
Toxariales,Bacillariophyceae,522,20
Tracheliida,Litostomatea,228,9
Trachelocercida,Karyorelictea,2700,5979
Trachycladida,Demospongiae,461,79
Trachymedusae,Hydrozoa,18775,728580
Tracyllales,Sordariomycetes,15,
Trebouxiales,Trebouxiophyceae,23651,3127048
Trechisporales,Agaricomycetes,87285,10967
Tremellales,Tremellomycetes,330037,69020
Tremellodendropsidales,Agaricomycetes,5492,11577
Trentepohliales,Ulvophyceae,20726,2341
Treponematales,Spirochaetia,4849,22
Trepostomatida,Stenolaemata,29383,64249
Treubiales,Haplomitriopsida,708,661
Triadotiaroida,Echinoidea,8,
Tribonematales,Xanthophyceae,4551,95294
Triceratiales,Bacillariophyceae,59626,126591151
Trichasteropsida,Asteroidea,31,
Trichiales,Myxomycetes,156695,160521
Trichonymphida,Trichonymphea,1640,3
Trichoplacea,Uniplacotomia,18,8
Trichoptera,Insecta,3364717,12129100
Trichosphaeriales,Sordariomycetes,9075,89
Trichosporonales,Tremellomycetes,34882,4
Trichostomatida,Kinetofragminophora,1302,10
Trigoniida,Bivalvia,15200,8097
Trimastigida,Anaeromonadea,202,
Tritirachiales,Tritirachiomycetes,2592,579
Trochida,Gastropoda,537064,878842
Trochodendrales,Magnoliopsida,5787,355
Trogoniformes,Aves,1260756,1757551
Trombidiformes,Arachnida,739475,1747175
Tryblidiida,Monoplacophora,439,168
Trypanorhyncha,Cestoda,4404,1828
Trypanosomatida,Kinetoplastea,18838,407
Trypetheliales,Dothideomycetes,42892,132608
Tsukubamonadida,Tsukubea,12,
Tuarangiida,Bivalvia,3,
Tubeufiales,Dothideomycetes,15582,732
Tubificida,Clitellata,409659,9280639
Tubulavirales,Faserviricetes,649,
Tubulidentata,Mammalia,1563,292
Tumebacillales,Bacilli,12607,38986
Turneriellales,Leptospirae,8474,7
Turquoiseomycetales,Lecanoromycetes,2,
Tymovirales,Alsuviricetes,11387,
UBA10015,Koll11,3,
UBA10025,ABY1,4,
UBA10092,Paceibacteria,4,
UBA10117,Nanoarchaeia,2,
UBA101185,WWE3,56,
UBA1018,Bdellovibrionia_A,98,
UBA10183,Koll11,12,
UBA10190,Andersenbacteria,9,
UBA10575,UBA4882,2,
UBA1062,Desulfomonilia,1,
UBA11073,Alphaproteobacteria,3,
UBA11222,Alphaproteobacteria,3,
UBA11236,Fibrobacteria,142,
UBA1146,UBA8108,155,
UBA1151,Dehalococcoidia,354,
UBA11654,Gammaproteobacteria,101,
UBA11705,ABY1,3,
UBA12015,Binatia,73,
UBA12157,UBA1384,10,
UBA1247,Alphaproteobacteria,1,
UBA1280,Alphaproteobacteria,14,
UBA1369,Gracilibacteria,121,
UBA1400,Microgenomatia,5,
UBA1407,Lentisphaeria,16398,
UBA1429,Anaerolineae,1,
UBA1444,Negativicutes,3,
UBA1558,ABY1,103,
UBA1565,Elusimicrobia,36,
UBA1845,Phycisphaerae,64,
UBA1875,CPR2,4,
UBA2169,ABY1,4,
UBA2196,ABY1,2,
UBA2199,Aminicenantia,10,
UBA2241,Thermoleophilia,30,
UBA2386,UBA1135,586,
UBA2392,UBA8742,23,
UBA2466,FAC87,80,
UBA2774,UBA1144,28,
UBA2963,Dehalococcoidia,194,
UBA2979,Dehalococcoidia,877,
UBA3495,Dehalococcoidia,128,
UBA4142,Anaerolineae,5,
UBA4248,Bradymonadia,10,
UBA4473,Gracilibacteria,115,
UBA4486,Gammaproteobacteria,429,
UBA4575,Gammaproteobacteria,22,
UBA4664,Saccharimonadia,27,
UBA5066,Thermoanaerobaculia,10,
UBA5070,Fibrobacteria,1,
UBA5335,Gammaproteobacteria,1,
UBA5704,Thermoanaerobaculia,182,
UBA5794,Acidimicrobiia,178,
UBA6184,Alphaproteobacteria,7,
UBA6186,Gammaproteobacteria,4,
UBA6215,Koll11,5,
UBA6257,Paceibacteria,143,
UBA6429,Gammaproteobacteria,12604,
UBA6522,Gammaproteobacteria,57,
UBA6615,Alphaproteobacteria,680,
UBA6902,Thermodesulfovibrionia,14,
UBA6952,Dehalococcoidia,3,
UBA7540,Acidobacteriae,2,
UBA7656,Blastocatellia,2,
UBA7662,Bacteroidia,14,
UBA7879,Alphaproteobacteria,12,
UBA7916,Gammaproteobacteria,4,
UBA7937,Anaerolineae,2,
UBA7950,Bipolaricaulia,2,
UBA7976,Bradymonadia,141,
UBA7985,Alphaproteobacteria,183,
UBA817,Marinamargulisbacteria,155,
UBA8231,UBA2968,42,
UBA8260,Dormibacteria,3,
UBA828,Alphaproteobacteria,1,
UBA8346,UBA4882,8341,219
UBA8366,Alphaproteobacteria,2095,
UBA8416,Kiritimatiellae,340,
UBA920,Doudnabacteria,70,
UBA9219,Alphaproteobacteria,48,
UBA9570,ABY1,6,
UBA9629,ABY1,1,
UBA9649,Koll11,6,
UBA9655,Alphaproteobacteria,79,
UBA9968,Binatia,23,
UBA9983,Paceibacteria,8,
UBA9983_A,Paceibacteria,1754,
UCB3,Anaerolineae,38,
UM-FILTER-42-10,ABY1,2,
UM-FILTER-43-11,Gracilibacteria,70,
UMGS1260,Negativicutes,1,
UTPRO1,Binatia,8,
Uleiellales,Ustilaginomycetes,32,
Ulotrichales,Ulvophyceae,36925,135901
Ulvales,Ulvophyceae,251786,38225
Umbelopsidales,Umbelopsidomycetes,148062,51213
Umbilicariales,Lecanoromycetes,219643,31124
Umbraculida,Gastropoda,3870,1084
Unilacrymales,Dacrymycetes,116,7
Unionida,Bivalvia,612156,3801744
Urocystidales,Ustilaginomycetes,28033,1557
Uropygi,Arachnida,3018,965
Urostylida,Hypotrichea,86788,1736
Ustilaginales,Ustilaginomycetes,100737,7640
VBWC01,Gammaproteobacteria,1,
VGOG01,Anaerolineae,1,
VMEV01,ABY1,1,
VXMN01,Acidobacteriae,5,
Vahliales,Magnoliopsida,2288,115
Valsariales,Dothideomycetes,2604,21
Valvatida,Asteroidea,226941,14060728
Vampirovibrionales,Vampirovibrionia,2745,573
Vampyromorpha,Cephalopoda,1305,5185
Vannellida,Discosea,15041,5376
Varipodida,Variosea,1091,
Vaucheriales,Xanthophyceae,26746,2782
Veblenbacterales,ABY1,8,
Veillonellales,Negativicutes,25840,276
Velatida,Asteroidea,10944,10991
Venerida,Bivalvia,837346,1164540715
Venturiales,Dothideomycetes,109904,190585
Vermiculariopsiellales,Sordariomycetes,236,8
Verongiida,Demospongiae,22387,5550
Verrucariales,Eurotiomycetes,300116,64125
Verrucomicrobiales,Verrucomicrobiae,263932,23064
Vicinamibacterales,Vicinamibacteria,33789,294914
Victivallales,Lentisphaeria,24839,37
Vinavirales,Tectiliviricetes,5,
Violaceomycetales,Ustilaginomycetes,188,
Vitales,Magnoliopsida,794103,352865
Volvocales,Chlorophyceae,72158,1184855
Voromonadida,Myzomonadea,1388,
WHTO01,Dehalococcoidia,1,
WQYP01,Phycisphaerae,6,
WRBN01,Spirochaetia,16,
WSZJ01,MHYJ01,1,
Wallemiales,Wallemiomycetes,6671,
Watznaueriales,Prymnesiophyceae,4036,
Welwitschiales,Gnetopsida,1261,715
Woesearchaeales,Nanoarchaeia,5868,120
Woeseiales,Gammaproteobacteria,64080,
Wolframvirales,Amabiliviricetes,574,
XJ16,Gammaproteobacteria,724,
XYA2-FULL-43-10,UBA1384,10,
XYB2-FULL-38-15,ABY1,1,
Xanthomonadales,Gammaproteobacteria,256462,46290
Xenosomata,Cyclorhagida,106,14
Xenospadicoidales,Sordariomycetes,392,5
Xiphosurida,Merostomata,21567,31910
Xylariales,Sordariomycetes,591103,626031
Xylobotryales,Xylobotryomycetes,159,
Xylonales,Xylonomycetes,31,1
Zavarziniales,Alphaproteobacteria,250,
Zeloasperisporiales,Dothideomycetes,30,
Zingiberales,Liliopsida,493222,160458
Zoantharia,Anthozoa,47510,73402
Zoopagales,Zoopagomycetes,35111,9
Zoraptera,Insecta,326,403
Zosterogrammida,Diplopoda,7,4
Zurhausenvirales,Papovaviricetes,2911,
Zygentoma,Insecta,34357,22002
Zygnematales,Zygnematophyceae,123040,632145
Zygodiscales,Prymnesiophyceae,44721,5774769
Zygophlyctidales,Chytridiomycetes,40,
Zygophyllales,Magnoliopsida,310792,95404
